experience_id,index,amount,method,substance
96444,0,75 mg,insufflated,Methoxetamine
96444,1,75 mg,smoked,DMT
62835,0,,smoked,DMT
34866,0,150 mg,oral,Harmaline
34866,1,40 mg,oral,5-MeO-DMT
34866,2,20 mg,smoked,DMT
113133,0,2 hits,vaporized,DMT
103790,0,3.5 g,oral,Syrian Rue
103790,1,50 mg,vaporized,DMT
96614,0,60 mg,vaporized,DMT
96614,1,170 mg,vaporized,DMT
101485,0,,smoked,DMT
101485,1,35 mg,oral,4-AcO-MiPT
101485,2,14 mg,oral,4-AcO-DiPT
101485,3,1 hit,oral,LSD
101485,4,30 mg,insufflated,DPT
101485,5,120 mg,oral,MDMA
101541,0,1 g,oral,Mushrooms
101541,1,3 bowls,smoked,Banisteriopsis caapi
101541,2,3 bowls,smoked,Cannabis
101541,3,20 mg,smoked,DMT
101541,4,3 bowls,smoked,Banisteriopsis caapi
101541,5,3 bowls,smoked,Cannabis
101541,6,20 mg,smoked,DMT
93315,0,1 hit,smoked,DMT
93315,1,1 cig.,smoked,Tobacco
93315,2,2 g,oral,Mushrooms
93315,3,1 hit,smoked,DMT
93315,4,1 hit,smoked,DMT
93315,5,1 hit,smoked,DMT
94429,0,,smoked,DMT
93145,0,830 ug,,25C-NBOMe
93145,1,,smoked,DMT
86665,0,15 mg,smoked,DMT
86665,1,2 hits,smoked,Cannabis
83719,0,,smoked,DMT
83719,1,,smoked,Cannabis
31979,0,,smoked,DMT
1841,0,,smoked,DMT
1839,0,,smoked,DMT
117473,0,11 mg,vaporized,DMT
117473,1,17 mg,vaporized,DMT
117473,2,22 mg,vaporized,DMT
115502,0,2 hits,smoked,DMT
114947,0,10 mg,smoked,MET
114947,1,15 mg,smoked,MIPT
114947,2,10 mg,smoked,MPT
114947,3,45 mg,,TMA-2
114947,4,20 mg,smoked,MET
114947,5,20 mg,smoked,MPT
114947,6,20 mg,smoked,MPT
114947,7,30 mg,smoked,DPT
114947,8,10 mg,smoked,5-MeO-EIPT
114947,9,5 mg,smoked,5-MeO-MIPT
114947,10,30 mg,smoked,MET
114947,11,30 mg,smoked,EPT
114947,12,10 mg,smoked,5-MeO-MIPT
114947,13,15 mg,smoked,5-MeO-EIPT
99247,0,2 hits,vaporized,DMT
108109,0,1 hit,smoked,DMT
112845,0,2 hits,vaporized,DMT
112640,0,,IV,DMT
111847,0,3 hits,vaporized,DMT
111847,1,,oral,MAOIs
96140,0,40 mg,smoked,DMT
103249,0,4 hits,smoked,DMT
108821,0,1 hit,vaporized,DMT
91964,0,25 mg,vaporized,DMT
90113,0,,smoked,DMT
107582,0,3 hits,smoked,Changa
97591,0,,smoked,DMT
90557,0,100 mg,vaporized,DMT
101998,0,repeated,smoked,DMT
83098,0,,,Vitamins / Supplements
83098,1,100 ug,insufflated,DMT
94031,0,60 mg,smoked,DMT
94073,0,2 g,smoked,Cannabis
94073,1,0.4 g,oral,Mushrooms
94073,2,,smoked,Cannabis
94073,3,100 mg,smoked,DMT
89351,0,,,Cannabis
89351,1,,,Yerba Mate
89351,2,repeated,smoked,DMT
89351,3,300 mg,oral,MDMA
89351,4,,smoked,DMT
89351,5,,smoked,Cannabis
89351,6,6 leaves,buccal,Coleus
89351,7,1 hit,sublingual,LSD
89351,8,,smoked,Cannabis - Hash
89351,9,,smoked,DMT
93223,0,20 mg,smoked,DMT
91352,0,11 mg,oral,2C-E
91352,1,1 cig.,smoked,Cannabis
91352,2,,smoked,DMT
91352,3,40 mg,smoked,DMT
94174,0,45 mg,smoked,DMT
86537,0,,smoked,DMT
92625,0,,smoked,DMT
92625,1,,smoked,Cannabis
93030,0,30 mg,smoked,DMT
90577,0,64 mg,smoked,DMT
95155,0,100 mg,smoked,DMT
93105,0,1 bowl,smoked,DMT
92678,0,100 mg,smoked,DMT
92678,1,,smoked,Cannabis
89948,0,8 oz,oral,Cacti - T. pachanoi
89948,1,40 mg,smoked,DMT
89948,2,,smoked,Cannabis
86649,0,100 mg,smoked,DMT
86830,0,50 mg,smoked,DMT
86830,1,1 g,smoked,Lotus/Lily - Nymphaea nouchali var caerulea
80701,0,,smoked,Cannabis
80701,1,,smoked,Opium
80701,2,100 mg,smoked,DMT
77678,0,repeated,smoked,DMT
78447,0,0.5 ml,IM,DMT
78447,1,1.0 ml,IM,DMT
78447,2,0.5 ml,IM,DMT
69969,0,40 mg,smoked,DMT
63917,0,2 hits,smoked,DMT
63917,1,,smoked,Cannabis
49585,0,30 mg,smoked,DMT
49585,1,2 hits,smoked,Salvia divinorum
50526,0,repeated,smoked,DMT
43682,0,30 mg,smoked,DMT
43682,1,40 mg,smoked,DMT
39857,0,,smoked,DMT
10437,0,1.0 g,oral,Syrian Rue
10437,1,60 g,oral,Mushrooms - P. cubensis
10437,2,60 mg,smoked,DMT
20717,0,40 mg,smoked,DMT
20398,0,40 mg,smoked,DMT
9024,0,,smoked,DMT
8979,0,100 mg,smoked,DMT
7143,0,60 mg,smoked,DMT
131,0,30 mg,smoked,DMT
1961,0,70 mg,IM,Ketamine
1843,0,,smoked,DMT
1768,0,3.0 g,oral,Syrian Rue
1768,1,100 mg,oral,DMT
115105,0,1 hit,smoked,DMT
106049,0,3 g,oral,Syrian Rue
106049,1,50 mg,oral,DMT
106049,2,50 mg,oral,DMT
106049,3,4 hits,smoked,Cannabis
116663,0,15 mg,vaporized,DMT
116663,1,5 mg,vaporized,5-MeO-DMT
116515,0,4 hits,vaporized,DMT
116515,1,3 hits,vaporized,DMT
116303,0,22 mg,vaporized,DMT
115605,0,1 hit,vaporized,DMT
90894,0,3 hits,smoked,DMT
115425,0,50 mg,vaporized,DMT
109508,0,5 hits,vaporized,DMT
109508,1,1 hit,vaporized,DMT
109508,2,1 hit,vaporized,DMT
115363,0,1 hit,vaporized,DMT
101076,0,60 mg,smoked,DMT
115023,0,50 mg,oral,Tetrahydroharmine
115023,1,100 - 150 mg,oral,Syrian Rue
115023,2,37 mg,oral,DMT
115023,3,40 - 50 mg,oral,Tetrahydroharmine
115023,4,15 mg,oral,DMT
115023,5,,smoked,Cannabis
102069,0,,smoked,Cannabis
102069,1,,smoked,Cannabis
102069,2,50 mg,smoked,DMT
102069,3,,smoked,Cannabis
107029,0,4 hits,vaporized,DMT
101977,0,50 mg,smoked,DMT
114245,0,2 hits,vaporized,DMT
114245,1,2 hits,vaporized,DMT
96562,0,4 mg,sublingual,Banisteriopsis caapi
96562,1,2 hits,vaporized,DMT
114111,0,15 - 50 mg,vaporized,DMT
114111,1,,smoked,Cannabis
112599,0,1 hit,vaporized,DMT
89763,0,3 hits,smoked,DMT
111538,0,,vaporized,DMT
112367,0,,smoked,DMT
112396,0,60 mg,vaporized,DMT
112319,0,3 g,oral,Syrian Rue
112319,1,320 mg,oral,DMT
104390,0,,smoked,DMT
104390,1,,smoked,DMT
86229,0,2 hits,smoked,DMT
100002,0,100 mg,smoked,DMT
101652,0,joints/cigs,smoked,DMT
101652,1,joints/cigs,smoked,Tobacco
111899,0,30 mg,vaporized,DMT
111899,1,,vaporized,Cannabis
94731,0,25 mg,smoked,DMT
94731,1,25 mg,smoked,DMT
94731,2,35 mg,smoked,DMT
101222,0,85 mg,IM,DMT
97548,0,,vaporized,Cannabis
97548,1,1 bowl,smoked,Cannabis
97548,2,1 bowl,smoked,DMT
92029,0,2 hits,vaporized,DMT
101882,0,1 hit,vaporized,DMT
101882,1,3 hits,vaporized,DMT
91557,0,2 hits,smoked,DMT
91557,1,1 hit,smoked,DMT
97622,0,,smoked,DMT
97622,1,,smoked,Damiana
111424,0,2 hits,smoked,DMT
111424,1,2 hits,smoked,Cannabis
95805,0,60 mg,IV,DMT
95805,1,60 mg,IV,DMT
98773,0,,smoked,DMT
101221,0,32 mg,IV,DMT
95295,0,35 mg,smoked,DMT
110578,0,1 bowl,smoked,DMT
109959,0,,vaporized,DMT
109959,1,,smoked,Cannabis
110091,0,4 hits,smoked,DMT
98050,0,50 mg,smoked,DMT
88607,0,80 mg,oral,Pharms - Citalopram
88607,1,,vaporized,DMT
108548,0,50 mg,smoked,DMT
86700,0,,smoked,DMT
88112,0,,smoked,DMT
99091,0,5 hits,smoked,DMT
99091,1,,smoked,Tobacco
108349,0,4 hits,vaporized,DMT
108349,1,,vaporized,Cannabis
89758,0,50 mg,smoked,DMT
96437,0,,smoked,DMT
91490,0,40 mg,smoked,DMT
89661,0,,smoked,DMT
99870,0,25 mg,insufflated,DPT
99870,1,30 mg,smoked,DMT
98522,0,1 hit,smoked,Cannabis
98522,1,3 hits,smoked,DMT
96607,0,3.5 g,oral,Mushrooms
96607,1,,smoked,DMT
91911,0,,smoked,DMT
94941,0,0.25 g,insufflated,Coca
94941,1,1 hit,oral,DOB
94941,2,0.125 g,oral,Mushrooms
94941,3,,inhaled,Nitrous Oxide
94941,4,,oral,MDMA
94941,5,,smoked,DMT
94941,6,,oral,MDMA
87761,0,200 mg,oral,Syrian Rue
87761,1,125 mg,oral,DMT
90895,0,80 mg,insufflated,DMT
89910,0,,smoked,DMT
87967,0,100 mg,smoked,DMT
87967,1,1 glass,oral,Absinthe
73648,0,3 mg,oral,Melatonin
73648,1,,smoked,Changa
73648,2,1 cig.,smoked,Cannabis
70877,0,25 mg,smoked,DMT
83785,0,1 hit,oral,LSD
83785,1,2 hits,smoked,DMT
79622,0,3 hits,smoked,DMT
77550,0,3 hits,smoked,DMT
74289,0,60 mg,smoked,DMT
74289,1,1 cart.,inhaled,Nitrous Oxide
75162,0,3 hits,smoked,DMT
62911,0,50 mg,smoked,DMT
73400,0,2 hits,smoked,DMT
70549,0,,smoked,DMT
65093,0,17.5 mg,smoked,DMT
57936,0,1 hit,smoked,DMT
57450,0,25 mg,inhaled,DMT
47094,0,80 mg,smoked,DMT
47094,1,,smoked,Salvia divinorum
24161,0,30 mg,smoked,DMT
19216,0,60 mg,smoked,DMT
19216,1,,inhaled,Nitrous Oxide
20727,0,20 mg,smoked,DMT
12306,0,50 mg,smoked,DMT
1858,0,125 mg,smoked,DMT
1858,1,5.0 g,oral,Mushrooms
118430,0,25 mg,vaporized,DMT
85245,0,2 lines,insufflated,DMT
116659,0,,smoked,DMT
116659,1,3 g,oral,Mushrooms
116659,2,3 hits,smoked,DMT
116350,0,3 hits,smoked,DMT
116335,0,25 mg,oral,4-HO-MET
116335,1,1 glass,oral,Alcohol - Beer/Wine
116335,2,1 glass,oral,Alcohol - Beer/Wine
116335,3,1 glass,oral,Alcohol - Beer/Wine
116335,4,25 mg,insufflated,Cocaine
116335,5,10 mg,oral,4-HO-MET
116335,6,25 mg,insufflated,Cocaine
116335,7,1 glass,,Alcohol - Beer/Wine
116335,8,25 mg,insufflated,Cocaine
116335,9,1 glass,,Alcohol - Beer/Wine
116335,10,,vaporized,Cannabis
116335,11,,vaporized,Cannabis
116335,12,2 hits,vaporized,DMT
115943,0,,smoked,Salvia divinorum
115943,1,,smoked,Tobacco
115943,2,50 mg,smoked,DMT
115568,0,25 mg,vaporized,DMT
97325,0,repeated,smoked,DMT
105010,0,,smoked,Cannabis
105010,1,,smoked,DMT
100707,0,1 hit,vaporized,DMT
100707,1,200 mg,oral,Methylone
100707,2,1 hit,vaporized,DMT
100707,3,3 hits,vaporized,DMT
76849,0,5 - 6 hits,vaporized,DMT
70656,0,2 hits,vaporized,2-Me-DMT
73844,0,100 mg,smoked,DMT
102649,0,30 mg,smoked,DMT
97840,0,3 hits,smoked,DMT
104982,0,5 mg,oral,Amphetamines
104982,1,60 - 65 mg,vaporized,DMT
56557,0,,oral,Alcohol - Beer/Wine
56557,1,,,Cannabis
56557,2,2 hits,smoked,DMT
78273,0,,smoked,Cannabis
83189,0,,oral,Alcohol - Beer/Wine
83189,1,,oral,Alcohol - Hard
83189,2,,smoked,DMT
83189,3,,smoked,Cannabis
70970,0,50 mg,smoked,DMT
107046,0,50 mg,vaporized,DMT
113490,0,2 hits,smoked,DMT
99807,0,130-160 ug,,LSD
99807,1,15 mg,smoked,DMT
80764,0,,smoked,DMT
93875,0,2 hits,vaporized,DMT
106379,0,50 mg,vaporized,DMT
114748,0,14 mg,vaporized,DMT
114612,0,25 mg,smoked,DMT
114612,1,,smoked,Cannabis
104016,0,3 hits,smoked,DMT
104016,1,,smoked,Cannabis
114501,0,1 hit,smoked,DMT
114504,0,15 mg,oral,Pharms - Zolpidem
114504,1,1 glass,oral,Alcohol - Beer/Wine
114504,2,repeated,vaporized,DMT
106061,0,2 hits,smoked,DMT
99429,0,,smoked,DMT
105536,0,50 mg,smoked,DMT
105099,0,2 - 3 hits,smoked,DMT
114381,0,7 - 10 mg,vaporized,DMT
114258,0,15 mg,smoked,DMT
114258,1,20 mg,smoked,DMT
84936,0,100 mg,smoked,DMT
99321,0,35 mg,smoked,DMT
80969,0,3 hits,smoked,DMT
103238,0,8 mg,smoked,DMT
114122,0,1 hit,oral,LSD
114122,1,4 - 7,oral,Alcohol - Beer/Wine
114122,2,repeated,smoked,Cannabis
114122,3,1 hit,smoked,DMT
91819,0,repeated,smoked,DMT
90357,0,,smoked,DMT
90357,1,,smoked,Cannabis
114078,0,15 - 30 mg,smoked,DMT
110124,0,,vaporized,DMT
113883,0,,smoked,Mimosa tenuiflora
113689,0,2 hits,smoked,DMT
113689,1,2 hits,smoked,Cannabis - High CBD
101234,0,2 hits,smoked,DMT
110770,0,10 - 30 mg,vaporized,DMT
110333,0,20 - 50 mg,smoked,DMT
108843,0,3 hits,vaporized,DMT
107570,0,3.0-3.4 g,oral,Syrian Rue
107570,1,5-10 mg,oral,DMT
83784,0,,smoked,DMT
113008,0,,smoked,DMT
113008,1,,smoked,Cannabis
103215,0,repeated,smoked,DMT
112908,0,300 ug,sublingual,LSD
112908,1,27.5 mg,smoked,DMT
112821,0,15 mg,smoked,DMT
112706,0,3 hits,smoked,DMT
112706,1,4 hits,smoked,DMT
93693,0,,,Noopept
93693,1,20 mg,vaporized,DMT
97454,0,,smoked,DMT
96825,0,3 hits,smoked,DMT
89940,0,,smoked,DMT
101758,0,60 mg,smoked,DMT
98655,0,repeated,smoked,Cannabis
98655,1,90 mg,smoked,DMT
98655,2,,smoked,Cannabis
62369,0,60 mg,smoked,DMT
97943,0,88 mg,vaporized,DMT
81751,0,50 mg,smoked,DMT
81751,1,,smoked,Cannabis
90401,0,1 hit,smoked,DMT
90401,1,1 hit,smoked,DMT
62590,0,10 mg,oral,Pharms - Fluoxetine
62590,1,40 mg,vaporized,DMT
62590,2,65 mg,vaporized,DMT
87683,0,1.5 g,oral,Mushrooms
87683,1,.5 g,oral,Mushrooms
87683,2,1 bowl,smoked,Cannabis
87683,3,3 hits,smoked,DMT
87683,4,3 hits,smoked,DMT
79695,0,,smoked,Cannabis
79695,1,,smoked,DMT
89308,0,repeated,smoked,Cannabis
89308,1,2 mg,insufflated,Pharms - Alprazolam
89308,2,30 mg,smoked,DMT
89308,3,30 mg,smoked,DMT
89308,4,30 mg,smoked,DMT
89308,5,80 mg,smoked,DMT
112058,0,2-3 hits,vaporized,DMT
112058,1,1 hit,vaporized,DMT
112058,2,1 cup,oral,Tea
98928,0,60 mg,vaporized,DMT
94883,0,3 tablets,oral,LSD
94883,1,repeated,smoked,Cannabis
94883,2,,smoked,Cannabis
94883,3,,smoked,DMT
111947,0,200 mg,vaporized,DMT
111947,1,,smoked,Cannabis - High THC
109799,0,,vaporized,DMT
80529,0,60 mg,vaporized,DMT
88931,0,1 bowl,smoked,Cannabis
88931,1,125 mg,smoked,DMT
89827,0,,smoked,Cannabis
89827,1,50 mg,smoked,DMT
84821,0,3 hits,smoked,DMT
96827,0,3 hits,smoked,DMT
90713,0,repeated,,DMT
97495,0,2 hits,smoked,DMT
97495,1,1 cig.,smoked,Tobacco - Cigarettes
111779,0,35 mg,vaporized,DMT
90354,0,5 mg,smoked,DMT
98282,0,50 mg,smoked,DMT
102100,0,3 hits,smoked,DMT
76735,0,1 bowl,smoked,DMT
76735,1,,smoked,Cannabis
90906,0,,smoked,Tobacco
90906,1,70 mg,smoked,DMT
98541,0,2 hits,smoked,DMT
89422,0,6 glasses,oral,Alcohol
89422,1,1 bowl,smoked,DMT
94495,0,,smoked,Tobacco
94495,1,3 hits,smoked,DMT
97496,0,1 hit,smoked,DMT
66551,0,25 mg,smoked,DMT
66551,1,,smoked,Cannabis
66551,2,15 mg,smoked,DMT
66551,3,,smoked,Cannabis
111502,0,2000 ug,,LSD
111502,1,100 mg,smoked,DMT
110504,0,1 tablet,oral,LSD
110504,1,repeated,insufflated,Ketamine
110504,2,30 mg,vaporized,DMT
100353,0,35 mg,smoked,DMT
92219,0,,smoked,DMT
92219,1,,smoked,5-MeO-DMT
111142,0,repeated,smoked,DMT
88925,0,2 hits,vaporized,DMT
90006,0,2 hits,smoked,DMT
90774,0,2 hits,vaporized,DMT
72863,0,40 mg,smoked,DMT
98670,0,1 cup,oral,Passion Flower
98670,1,1 hit,vaporized,DMT
98670,2,,smoked,Cannabis
111056,0,25 mg,smoked,DMT
111056,1,,smoked,Tobacco
111056,2,25 mg,vaporized,DMT
83597,0,3 hits,smoked,DMT
83597,1,,smoked,Lotus/Lily - Nymphaea nouchali var caerulea
44787,0,,oral,MAOIs
44787,1,,oral,DMT
44787,2,,smoked,DMT
95475,0,,smoked,DMT
93226,0,2 hits,smoked,DMT
93226,1,2 hits,smoked,Cannabis
107654,0,4 hits,smoked,DMT
81249,0,20 mg,vaporized,DMT
99864,0,1 hit,oral,LSD
99864,1,10 mg,oral,4-AcO-DiPT
99864,2,30 mg,smoked,DMT
82065,0,35 mg,smoked,DMT
78062,0,,oral,Alcohol
78062,1,3 bowls,smoked,DMT
76862,0,160 mg,oral,Harmala Alkaloids
76862,1,580 mg,oral,Mimosa tenuiflora
76862,2,600 mg,oral,Mimosa tenuiflora
77301,0,1 bump,insufflated,DMT
77301,1,15 mg,smoked,DMT
77301,2,1 cig.,smoked,Cannabis
77301,3,25 mg,smoked,DMT
77301,4,1 cig.,smoked,Cannabis
74368,0,1 hit,smoked,DMT
70744,0,20 g,oral,Banisteriopsis caapi
70744,1,1 g,oral,Syrian Rue
70744,2,250 mg,oral,DMT
77922,0,4 hits,smoked,DMT
69023,0,20 mg,rectal,2C-B
69023,1,1 hit,smoked,DMT
70238,0,50 mg,transdermal,DMT
23164,0,35 mg,smoked,DMT
41041,0,,smoked,DMT
41041,1,,smoked,DMT
41041,2,,smoked,Damiana
41041,3,,oral,Alcohol - Hard
41041,4,,smoked,DMT
63786,0,15 mg,insufflated,2C-B
63786,1,repeated,inhaled,Nitrous Oxide
63786,2,3 hits,smoked,DMT
63786,3,10 mg,oral,Pharms - Diazepam
63786,4,1 line,insufflated,Ketamine
41040,0,35 mg,smoked,DMT
34523,0,75 mg,smoked,DMT
53698,0,1 hit,smoked,DMT
39840,0,,smoked,DMT
24526,0,55 mg,smoked,DMT
27841,0,150 mg,oral,Moclobemide
27841,1,150 mg,oral,Moclobemide
27841,2,150 mg,oral,Moclobemide
27841,3,150 mg,oral,Moclobemide
27841,4,130 mg,oral,DMT
27841,5,80 mg,oral,DMT
27713,0,3 hits,smoked,DMT
21482,0,35 mg,smoked,DMT
20182,0,100 mg,smoked,DMT
20763,0,32.5 mg,smoked,DMT
20293,0,100 mg,smoked,DMT
19872,0,1 hit,smoked,DMT
19626,0,,smoked,DMT
19626,1,,smoked,Cannabis
12336,0,40 mg,smoked,DMT
14634,0,,smoked,DMT
12509,0,30 mg,smoked,DMT
3175,0,1 hit,smoked,DMT
2964,0,,smoked,DMT
2799,0,1 hit,smoked,DMT
2327,0,40 mg,smoked,DMT
1856,0,20 mg,oral,2C-B
1856,1,20 mg,smoked,DMT
1848,0,2 hits,smoked,DMT
1847,0,1 hit,smoked,DMT
1846,0,2 hits,oral,LSD
1846,1,,smoked,DMT
1844,0,1 hit,smoked,DMT
1840,0,3 hits,oral,DMT
118297,0,5-10 mg,smoked,DMT
116807,0,900 mg,oral,Pharms - Gabapentin
116807,1,1 glass,oral,Alcohol - Beer/Wine
116807,2,3 shots,oral,Alcohol - Hard
116807,3,10 mg,vaporized,DMT
116241,0,repeated,smoked,DMT
115976,0,50 - 75 mg,smoked,DMT
115790,0,repeated,vaporized,DMT
115566,0,35 mg,vaporized,DMT
115564,0,55 mg,vaporized,DMT
94673,0,120 mg,smoked,DMT
100618,0,1 hit,smoked,DMT
100618,1,1 hit,smoked,Cannabis
108415,0,30-60 mg,smoked,DMT
104685,0,1 hit,smoked,DMT
94973,0,,smoked,Cannabis
94973,1,repeated,smoked,DMT
92971,0,1 hit,oral,LSD
92971,1,10 mg,oral,Amphetamines
92971,2,1 hit,smoked,DMT
100203,0,20 - 45 mg,vaporized,DMT
106194,0,2 hits,smoked,DMT
109499,0,50 mg,vaporized,DMT
106202,0,2 hits,smoked,DMT
90303,0,35 mg,smoked,DMT
90303,1,,smoked,Cannabis
90303,2,100 mg,smoked,DMT
90303,3,,smoked,Cannabis
94442,0,50 mg,smoked,DMT
104062,0,1 hit,vaporized,Cannabis
104062,1,1 hit,vaporized,DMT
103747,0,repeated,smoked,Cannabis
103747,1,1 hit,smoked,DMT
92808,0,4 g,oral,Syrian Rue
92808,1,200 mg,sublingual,DMT
67505,0,45 mg,vaporized,DMT
48050,0,110 mg,oral,MDMA
48050,1,2 hits,smoked,DMT
48050,2,2 hits,smoked,Cannabis
105392,0,1 hit,smoked,DMT
105392,1,1 hit,smoked,DMT
105392,2,1 hit,smoked,DMT
105392,3,1 hit,smoked,DMT
111224,0,3 hits,,DMT
111224,1,repeated,smoked,Cannabis
105885,0,0.3 g,smoked,DMT
107909,0,repeated,smoked,DMT
114605,0,25 mg,vaporized,DMT
113624,0,33 mg,smoked,DMT
110523,0,2 hits,smoked,DMT
114513,0,repeated,vaporized,DMT
100116,0,,vaporized,Tobacco
100116,1,150 mg,vaporized,DMT
92270,0,,vaporized,Cannabis
92270,1,,vaporized,DMT
92270,2,,vaporized,Cannabis
83514,0,1 bowl,smoked,Cannabis
83514,1,1 bowl,smoked,DMT
86612,0,,smoked,DMT
86612,1,,smoked,Damiana
86612,2,,smoked,Cannabis
106805,0,50 mg,vaporized,2-Me-DMT
113630,0,3 hits,smoked,DMT
97478,0,1 bowl,smoked,DMT
108200,0,,oral,Harmaline
108200,1,3 hits,vaporized,DMT
81894,0,,oral,Cannabis
81894,1,4 tablets,oral,LSD
81894,2,,oral,Alcohol - Hard
81894,3,2 tablets,oral,LSD
81894,4,1 hit,smoked,DMT
106226,0,3 g,sublingual,Syrian Rue
106226,1,30-50 mg,smoked,DMT
99502,0,,smoked,DMT
88924,0,,smoked,DMT
88924,1,50 mg,smoked,Salvia divinorum
88924,2,40 mg,smoked,Salvia divinorum
104085,0,30 mg,,Amphetamines
104148,0,3 hits,smoked,DMT
101445,0,50 mg,smoked,DMT
112899,0,3 hits,vaporized,DMT
98631,0,20 mg,smoked,DMT
98672,0,150 mg,insufflated,MDMA
98672,1,2 hits,oral,LSD
98672,2,150 mg,oral,MDMA
105167,0,,smoked,DMT
105167,1,,smoked,Catnip
105167,2,,smoked,Tobacco
112734,0,200 mg,oral,Harmine
112734,1,150 mg,oral,Harmine
112734,2,160 mg,oral,DMT
102539,0,3 glasses,oral,Alcohol - Beer/Wine
87046,0,,smoked,Mullein
87046,1,,smoked,DMT
96585,0,,,DMT
60186,0,,smoked,DMT
95512,0,40 mg,smoked,DMT
95512,1,,smoked,Cannabis
90873,0,40 mg,smoked,DMT
86757,0,2 hits,smoked,DMT
86757,1,,smoked,Cannabis
111542,0,3 hits,smoked,DMT
104219,0,,smoked,DMT
83368,0,repeated,smoked,Cannabis
83368,1,,smoked,DMT
112299,0,,smoked,DMT
112299,1,12 oz,oral,Alcohol - Beer/Wine
85363,0,50 mg,smoked,DMT
85363,1,,smoked,Cannabis
112150,0,repeated,smoked,Cannabis
112150,1,repeated,smoked,DMT
76376,0,3 hits,smoked,DMT
76376,1,3 hits,smoked,Cannabis
80708,0,,smoked,DMT
81391,0,55 mg,smoked,DMT
90510,0,6 hits,,LSD
90510,1,,vaporized,DMT
110218,0,1 hit,vaporized,DMT
110218,1,1 hit,vaporized,DMT
110218,2,,vaporized,DMT
110218,3,,vaporized,DMT
52552,0,,smoked,Cannabis
52552,1,,oral,Cannabis
52552,2,,smoked,Cannabis
52552,3,,smoked,DMT
76662,0,50 mg,insufflated,DMT
76662,1,100 mg,smoked,DMT
45347,0,,smoked,DMT
45347,1,,,Ketamine
45347,2,,smoked,DMT
84850,0,34 mg,smoked,DMT
76713,0,10 glasses,oral,Alcohol - Beer/Wine
76713,1,,smoked,DMT
78594,0,80 mg,smoked,DMT
111493,0,3 hits,smoked,DMT
98311,0,50 mg,smoked,DMT
97612,0,,smoked,Cannabis
97612,1,repeated,smoked,DMT
65124,0,40 mg,smoked,DMT
90691,0,,smoked,Lotus/Lily - Nymphaea nouchali var caerulea
90691,1,8 hits,smoked,DMT
73476,0,10 mg,,Amphetamines
73476,1,1 g,,Piracetam
73476,2,,oral,Tea
73476,3,5 mg,vaporized,DMT
71527,0,,smoked,Cannabis
71527,1,15 mg,smoked,DMT
68151,0,,,Cocaine
68151,1,,oral,Alcohol
68151,2,repeated,smoked,DMT
84361,0,,smoked,DMT
72656,0,,IV,DMT
74019,0,1 hit,smoked,DMT
74019,1,1 hit,smoked,DMT
74019,2,repeated,oral,Alcohol - Beer/Wine
74019,3,1 hit,smoked,DMT
109814,0,3 hits,smoked,DMT
64836,0,20 mg,smoked,DMT
64836,1,40 mg,smoked,DMT
64836,2,,,Unknown
98647,0,100 mg,smoked,DMT
80806,0,45 mg,smoked,DMT
81905,0,5 hits,smoked,DMT
62326,0,2 glasses,oral,Alcohol - Hard
62326,1,,smoked,DMT
62326,2,,smoked,DMT
62326,3,,smoked,DMT
62326,4,4 hits,smoked,DMT
111450,0,,,DMT
84797,0,,vaporized,DMT
41039,0,35 mg,smoked,DMT
110829,0,repeated,smoked,DMT
89657,0,,,Cannabis
89657,1,4 hits,smoked,DMT
111083,0,40 mg,smoked,DMT
104574,0,50 mg,smoked,DMT
108873,0,20 mg,smoked,DMT
31038,0,,oral,Alcohol
31038,1,,,Cannabis - Hash
31038,2,2 tablets,oral,MDMA
31038,3,,smoked,DMT
60278,0,3 hits,smoked,DMT
26157,0,,smoked,DMT
24299,0,,smoked,DMT
24260,0,,oral,Pharmahuasca
24260,1,1 hit,smoked,DMT
14823,0,,oral,DMT
14823,1,3.0 g,oral,Syrian Rue
12058,0,60 mg,smoked,DMT
116409,0,3 hits,vaporized,DMT
108514,0,60 mg,vaporized,DMT
115703,0,,,DMT
115761,0,1 hit,smoked,DMT
115761,1,,oral,Morphine
115586,0,17 mg,vaporized,DMT
115567,0,40 mg,vaporized,DMT
69732,0,,smoked,DMT
69732,1,,smoked,Cannabis
110090,0,repeated,smoked,DMT
106802,0,,inhaled,Nitrous Oxide
106802,1,1 hit,smoked,DMT
106802,2,1 hit,smoked,DMT
106802,3,1 hit,smoked,DMT
103033,0,36 - 37 mg,vaporized,DMT
103033,1,1 hit,inhaled,Nitrous Oxide
92566,0,1 hit,smoked,DMT
100276,0,2 hits,smoked,DMT
104233,0,1 hit,smoked,DMT
56938,0,2 hits,smoked,DMT
80863,0,,,Ayahuasca
80863,1,1 hit,smoked,DMT
89645,0,2 hits,smoked,DMT
93474,0,50 - 100 mg,smoked,DMT
92083,0,4 - 5 glasses,oral,Alcohol - Beer/Wine
92083,1,226 mg,insufflated,MDMA
92083,2,2 bowls,smoked,Cannabis
92083,3,1 cig.,smoked,Tobacco - Cigarettes
92083,4,30 mg,smoked,DMT
110020,0,1 g,smoked,Cannabis
110020,1,,oral,LSD
110020,2,80 mg,smoked,DMT
86868,0,,oral,Alcohol - Beer/Wine
86868,1,,smoked,Cannabis
86868,2,,smoked,DMT
78454,0,40 mg,smoked,DMT
78454,1,,smoked,Cannabis
78454,2,,insufflated,Anadenanthera peregrina
107417,0,1 bowl,smoked,DMT
73701,0,,smoked,DMT
66707,0,35 mg,smoked,DMT
66707,1,450 ug,sublingual,LSD
45889,0,,smoked,DMT
106661,0,70 mg,smoked,DMT
91678,0,,smoked,Cannabis
91678,1,3 - 4 glasses,oral,Alcohol - Beer/Wine
91678,2,100 mg,smoked,DMT
88797,0,25 - 40 mg,insufflated,DMT
88797,1,,smoked,Cannabis
68819,0,repeated,,DMT
113906,0,75 mg,smoked,DMT
113771,0,25 mg,smoked,DMT
102211,0,4 hits,vaporized,DMT
106309,0,repeated,smoked,DMT
83217,0,3 hits,oral,LSD
83217,1,repeated,smoked,Cannabis
83217,2,,smoked,Tobacco - Cigarettes
83217,3,,insufflated,MDMA
83217,4,,smoked,DMT
98533,0,,smoked,Cannabis
98533,1,50 mg,smoked,DMT
95714,0,,smoked,DMT
86731,0,2 hits,,LSD
86731,1,2 hits,,MDMA
86731,2,,smoked,DMT
86731,3,,smoked,DMT
112487,0,repeated,smoked,DMT
112487,1,,oral,Mushrooms
112487,2,,smoked,DMT
65656,0,10 hits,smoked,DMT
95932,0,,smoked,DMT
87124,0,,smoked,Cannabis
87124,1,50 mg,smoked,DMT
87672,0,1 hit,smoked,Cannabis
87672,1,1 hit,smoked,DMT
97457,0,4 hits,smoked,DMT
56062,0,1 hit,smoked,DMT
72788,0,6 hits,smoked,DMT
72788,1,1 cig.,smoked,Tobacco - Cigarettes
102886,0,6 hits,smoked,DMT
47164,0,,smoked,Cannabis
47164,1,,oral,Alcohol - Hard
47164,2,,insufflated,DMT
95010,0,repeated,smoked,DMT
95010,1,repeated,smoked,Cannabis
95010,2,3 shots,oral,Alcohol - Hard
56244,0,25 mg,,DMT
101850,0,repeated,smoked,DMT
97538,0,30 mg,smoked,DMT
88758,0,3 hits,smoked,DMT
82841,0,50 mg,smoked,DMT
61908,0,,oral,DMT
54439,0,1 hit,vaporized,DMT
109249,0,,vaporized,DMT
109249,1,,insufflated,DMT
69358,0,1 hit,smoked,Cannabis
69358,1,1 hit,smoked,Wormwood
69358,2,1 hit,smoked,DMT
80766,0,,smoked,DMT
80766,1,,smoked,Cannabis
86495,0,,smoked,Cannabis
86495,1,30 mg,smoked,DMT
81808,0,,,DMT
81808,1,,,Cannabis
86994,0,.5 tablets,oral,LSD
86994,1,.5 tablets,oral,LSD
86994,2,1 drop,,LSD
86994,3,1 hit,smoked,DMT
56929,0,30 mg,smoked,DMT
92014,0,,,DMT
81081,0,,smoked,DMT
93717,0,,,DMT
90251,0,,smoked,DMT
90251,1,,smoked,Cannabis
83408,0,3 bumps,smoked,DMT
84633,0,50 mg,smoked,DMT
84633,1,,smoked,Cannabis
78233,0,,smoked,DMT
60889,0,,smoked,DMT
47098,0,50 mg,insufflated,DMT
95015,0,,smoked,DMT
66774,0,10 mg,smoked,DMT
66774,1,10 mg,insufflated,DMT
108955,0,3 - 5 hits,smoked,DMT
31802,0,2 hits,smoked,DMT
51155,0,,smoked,DMT
48312,0,1 repeated,smoked,DMT
34118,0,1 hit,smoked,DMT
14948,0,,smoked,DMT
1850,0,,smoked,DMT
45012,0,1 hit,smoked,Salvia divinorum
91782,0,1 hit,smoked,Salvia divinorum
72247,0,One hits,inhaled,Salvia divinorum
83979,0,repeated,sublingual,Salvia divinorum
102590,0,3 hits,smoked,Salvia divinorum
76219,0,100 mg,smoked,Salvia divinorum
89305,0,,oral,Mushrooms
89305,1,2 hits,smoked,Salvia divinorum
89305,2,2 hits,smoked,Salvia divinorum
89305,3,,smoked,Cannabis
74891,0,5 glasses,oral,Alcohol - Beer/Wine
74891,1,1 bowl,smoked,Salvia divinorum
74891,2,1 glass,oral,Alcohol - Beer/Wine
74891,3,2 caps,oral,Mushrooms
74891,4,1 bowl,smoked,Salvia divinorum
57140,0,165 mg,smoked,Salvia divinorum
21222,0,2 hits,smoked,Salvia divinorum
42505,0,60 mg,smoked,Salvia divinorum
50324,0,1 hit,smoked,Salvia divinorum
32623,0,0.25 tsp,smoked,Salvia divinorum
19206,0,repeated,oral,Alcohol - Beer/Wine
19206,1,1 hit,smoked,Salvia divinorum
16151,0,150 mg,smoked,Salvia divinorum
33014,0,,oral,Mushrooms
5365,0,2 hits,smoked,Salvia divinorum
345,0,3 hits,smoked,Salvia divinorum
345,1,4 hits,smoked,Salvia divinorum
2138,0,2 leaves,smoked,Salvia divinorum
97683,0,2 hits,smoked,Salvia divinorum
12394,0,3 bowls,smoked,Salvia divinorum
116803,0,1 tsp,oral,Kratom
116803,1,50 mg,oral,Hydroxyzine
116803,2,11 g,buccal,Salvia divinorum
107250,0,1 hit,smoked,Salvia divinorum
107250,1,1 hit,smoked,Salvia divinorum
81574,0,1 hit,smoked,Salvia divinorum
81020,0,0.5 mg,sublingual,Clonazolam
81020,1,3 hits,smoked,Salvia divinorum
116017,0,200 mg,smoked,Salvia divinorum
78263,0,2 hits,smoked,Salvia divinorum
115813,0,6 g,buccal,Salvia divinorum
115678,0,2.5 g,buccal,Salvia divinorum
12760,0,2 hits,smoked,Salvia divinorum
12342,0,Pinch,smoked,Salvia divinorum
12342,1,2 hits,smoked,Cannabis
114764,0,2 hits,smoked,Salvia divinorum
114764,1,,smoked,Cannabis
104398,0,1 hit,smoked,Salvia divinorum
114413,0,51.2 g,buccal,Salvia divinorum
73035,0,,smoked,Cannabis
73035,1,,oral,Alcohol - Beer/Wine
73035,2,1 hit,smoked,Salvia divinorum
84314,0,5 g,buccal,Salvia divinorum
84314,1,,buccal,Salvia divinorum
84314,2,1 bowl,smoked,Salvia divinorum
84314,3,,smoked,Salvia divinorum
88179,0,repeated,smoked,Salvia divinorum
112812,0,2 hits,smoked,Salvia divinorum
111977,0,1 cig.,smoked,Cannabis
111977,1,1 bowl,smoked,Salvia divinorum
85417,0,0.5 mg,smoked,Salvia divinorum
110710,0,12.5 mg,smoked,Salvia divinorum
110710,1,25 mg,smoked,Salvia divinorum
110710,2,30 mg,smoked,Salvia divinorum
110710,3,70 mg,smoked,Salvia divinorum
110710,4,100 mg,smoked,Salvia divinorum
73474,0,1 bowl,smoked,Salvia divinorum
110188,0,2 hits,smoked,Salvia divinorum
85530,0,,smoked,Salvia divinorum
69826,0,100 mg,smoked,Salvia divinorum
70149,0,repeated,smoked,Salvia divinorum
70688,0,2 hits,smoked,Salvia divinorum
92237,0,,smoked,Salvia divinorum
92665,0,1 hit,smoked,Salvia divinorum
69496,0,,inhaled,Pharms - Albuterol
69496,1,70 mg,smoked,Salvia divinorum
83343,0,,smoked,Salvia divinorum
73347,0,2 hits,smoked,Salvia divinorum
68855,0,repeated,smoked,Salvia divinorum
68855,1,repeated,smoked,Cannabis
83095,0,0.25 g,smoked,Salvia divinorum
91103,0,1 hit,smoked,Salvia divinorum
65520,0,1 bowl,smoked,Salvia divinorum
88119,0,1 bowl,smoked,Salvia divinorum
76137,0,1 hit,smoked,Salvia divinorum
67951,0,1 bowl,smoked,Salvia divinorum
67951,1,1 bowl,smoked,Salvia divinorum
68803,0,repeated,smoked,Salvia divinorum
68803,1,,smoked,Cannabis
78907,0,15 leaves,sublingual,Salvia divinorum
72338,0,5 glasses,oral,Alcohol - Beer/Wine
72338,1,335 mg,smoked,Salvia divinorum
79943,0,1 bowl,smoked,Salvia divinorum
75874,0,2 g,smoked,Salvia divinorum
66897,0,,smoked,Salvia divinorum
66897,1,,smoked,Cannabis
68436,0,125 mg,smoked,Salvia divinorum
88082,0,1 bowl,smoked,Salvia divinorum
82591,0,0.2 g,smoked,Salvia divinorum
82591,1,0.2 g,smoked,Salvia divinorum
82591,2,0.2 g,smoked,Salvia divinorum
82591,3,0.2 g,smoked,Salvia divinorum
82591,4,0.2 g,smoked,Salvia divinorum
82591,5,0.2 g,smoked,Salvia divinorum
82591,6,0.2 g,smoked,Salvia divinorum
82591,7,0.2 g,smoked,Salvia divinorum
82591,8,0.2 g,smoked,Salvia divinorum
85209,0,10 mg,oral,Pharms - Diazepam
85209,1,,oral,Kratom
85209,2,80 mg,smoked,Salvia divinorum
85209,3,150 mg,smoked,Salvia divinorum
66994,0,100 mg,smoked,Salvia divinorum
67495,0,,smoked,Salvia divinorum
85036,0,0.5 g,smoked,Salvia divinorum
63716,0,1 bowl,smoked,Salvia divinorum
62779,0,1 hit,smoked,Salvia divinorum
61551,0,repeated,sublingual,Salvia divinorum
61551,1,,smoked,Salvia divinorum
61551,2,,smoked,Salvia divinorum
69995,0,165 mg,smoked,Salvia divinorum
56531,0,1 hit,smoked,Salvia divinorum
56670,0,3 hits,smoked,Salvia divinorum
77006,0,,smoked,Salvia divinorum
66967,0,repeated,sublingual,Salvia divinorum
66967,1,repeated,smoked,Salvia divinorum
66967,2,4.0 g,oral,Mushrooms - P. cubensis
54513,0,1 hit,smoked,Salvia divinorum
54513,1,1 hit,smoked,Salvia divinorum
71099,0,3 bowls,smoked,Salvia divinorum
71099,1,8.0 g,oral,Mimosa tenuiflora
71099,2,3.0 g,oral,Syrian Rue
71687,0,1 bowl,smoked,Salvia divinorum
71687,1,400 mg,oral,Pharms - Bupropion
61537,0,4 hits,smoked,Salvia divinorum
61949,0,1 bowl,smoked,Salvia divinorum
16937,0,240 mg,oral,DXM
16937,1,60 mg,oral,DXM
16937,2,1 bowl,smoked,Salvia divinorum
58198,0,1 bowl,smoked,Salvia divinorum
56099,0,400 mg,smoked,Salvia divinorum
53552,0,3 hits,smoked,Cannabis
53552,1,1 hit,smoked,Salvia divinorum
63874,0,repeated,smoked,Salvia divinorum
51862,0,3 bowls,smoked,Salvia divinorum
46999,0,1 hit,smoked,Salvia divinorum
48391,0,2 hits,smoked,Salvia divinorum
66185,0,6 leaves,sublingual,Salvia divinorum
66185,1,1 bowl,smoked,Salvia divinorum
66185,2,3 bowls,smoked,Salvia divinorum
66185,3,1 bowl,smoked,Salvia divinorum
64498,0,6 drops,sublingual,Salvia divinorum
64498,1,,smoked,Cannabis
64498,2,,smoked,Salvia divinorum
43760,0,1 hit,smoked,Salvia divinorum
43760,1,,smoked,Cannabis
60805,0,0.25 tsp,smoked,Salvia divinorum
64888,0,0.5 bowls,smoked,Salvia divinorum
63538,0,1 hit,smoked,Salvia divinorum
62571,0,6.0 g,sublingual,Salvia divinorum
62571,1,1 cig.,smoked,Salvia divinorum
63461,0,4 hits,smoked,Salvia divinorum
56819,0,2 hits,smoked,Salvia divinorum
58795,0,0.5 hits,smoked,Salvia divinorum
58795,1,0.25 bowls,smoked,Salvia divinorum
58795,2,0.5 bowls,smoked,Salvia divinorum
58795,3,0.5 bowls,smoked,Salvia divinorum
48546,0,repeated,smoked,Salvia divinorum
57495,0,,sublingual,Salvia divinorum
55296,0,0.1429 g,smoked,Salvia divinorum
27573,0,3.5 ml,oral,Salvia divinorum
58935,0,100 mg,smoked,Salvia divinorum
32687,0,2 hits,smoked,Salvia divinorum
45146,0,1 bowl,smoked,Salvia divinorum
45146,1,1 bowl,smoked,Cannabis
45146,2,1 bowl,smoked,Salvia divinorum
45146,3,1 bowl,smoked,Cannabis
31488,0,1 hit,smoked,Salvia divinorum
55483,0,1 hit,oral,LSA
55483,1,1.25 tsp,oral,Syrian Rue
55483,2,0.25 hits,sublingual,Salvia divinorum
50999,0,repeated,sublingual,Salvia divinorum
54262,0,23 g,oral,Mushrooms
54262,1,1 cig.,smoked,Salvia divinorum
54262,2,1 cig.,smoked,Salvia divinorum
54262,3,1 bowl,smoked,Salvia divinorum
54262,4,1 bowl,smoked,Salvia divinorum
34073,0,1 bowl,smoked,Salvia divinorum
36026,0,0.3333 g,smoked,Salvia divinorum
59083,0,35 mg,oral,2C-E
59083,1,250 mg,smoked,Salvia divinorum
35607,0,75 mg,smoked,Salvia divinorum
47109,0,1 cup,oral,Kava
47109,1,,smoked,Cannabis
47109,2,0.25 g,smoked,Salvia divinorum
55943,0,,,Salvia divinorum
31569,0,0.75 ml,sublingual,Salvia divinorum
31569,1,0.75 ml,sublingual,Salvia divinorum
31569,2,0.75 ml,sublingual,Salvia divinorum
32672,0,0.25 tsp,smoked,Salvia divinorum
53222,0,333 mg,smoked,Salvia divinorum
42679,0,,smoked,Salvia divinorum
28488,0,,smoked,Cannabis
28488,1,repeated,smoked,Salvia divinorum
49585,0,30 mg,smoked,DMT
49585,1,2 hits,smoked,Salvia divinorum
25506,0,12 leaves,buccal,Salvia divinorum
51512,0,1 bowl,smoked,Salvia divinorum
43595,0,18 in,oral,Cacti - T. pachanoi
43595,1,,smoked,Salvia divinorum
24086,0,3.5 leaves,smoked,Salvia divinorum
24086,1,1 leaf,smoked,Salvia divinorum
23058,0,2.5 leaves,smoked,Salvia divinorum
45735,0,3 bowls,smoked,Cannabis
45735,1,1 glass,oral,Alcohol - Beer/Wine
45735,2,0.5 bowls,smoked,Salvia divinorum
21844,0,15 mg,smoked,Salvia divinorum
20032,0,repeated,smoked,Salvia divinorum
19945,0,repeated,smoked,Salvia divinorum
18433,0,200 mg,smoked,Salvia divinorum
18993,0,6.0 g,sublingual,Salvia divinorum
19080,0,2.5 hits,smoked,Salvia divinorum
16112,0,0.5 g,smoked,Salvia divinorum
40528,0,3 hits,smoked,Salvia divinorum
17986,0,140 mg,smoked,Salvia divinorum
16590,0,2 hits,smoked,Salvia divinorum
16590,1,2 hits,smoked,Salvia divinorum
16872,0,4 bowls,smoked,Salvia divinorum
16088,0,2.0 mg,smoked,Salvia divinorum
15393,0,6 leaves,buccal,Salvia divinorum
12959,0,325 mg,smoked,Salvia divinorum
12959,1,,,Cannabis
39981,0,,oral,Alcohol
39981,1,100 mg,smoked,Salvia divinorum
40053,0,20 mg,smoked,Salvia divinorum
34053,0,,oral,Alcohol - Beer/Wine
34053,1,100 mg,smoked,Cannabis
34053,2,1 hit,smoked,Salvia divinorum
14953,0,2 hits,smoked,Salvia divinorum
14953,1,0.25 oz,sublingual,Salvia divinorum
14953,2,1 cig.,smoked,Tobacco - Cigarettes
22617,0,100 mg,smoked,Salvia divinorum
11919,0,0.75 g,smoked,Salvia divinorum
13948,0,1 bowl,smoked,Salvia divinorum
10201,0,100 mg,smoked,Salvia divinorum
10201,1,1 hit,smoked,Cannabis
8341,0,,sublingual,Salvia divinorum
8438,0,100 mg,smoked,Salvia divinorum
31726,0,150 mg,smoked,Salvia divinorum
29222,0,,smoked,Cannabis
29222,1,20 drops,oral,Salvia divinorum
29222,2,,smoked,Cannabis
29222,3,,smoked,Salvia divinorum
29222,4,,smoked,Calea zacatechichi
25660,0,1 hit,smoked,Salvia divinorum
25176,0,2 hits,smoked,Salvia divinorum
25166,0,1 bowl,smoked,Salvia divinorum
7340,0,,smoked,Cannabis
7340,1,2 hits,smoked,Salvia divinorum
22822,0,0.1 g,smoked,Salvia divinorum
22702,0,repeated,oral,Alcohol
22702,1,1 hit,smoked,Salvia divinorum
22702,2,1,smoked,Tobacco - Cigarettes
22702,3,1 shot,oral,Alcohol - Hard
22702,4,1 hit,smoked,Salvia divinorum
22702,5,2 hits,smoked,Salvia divinorum
18058,0,85 g,oral,Psychotria viridis
18058,1,7 capsls,oral,Syrian Rue
18058,2,7.5 mg,smoked,5-MeO-DMT
18058,3,0.3 bowls,smoked,Salvia divinorum
13267,0,4.0 g,oral,Syrian Rue
13267,1,25 g,oral,Psychotria viridis
13267,2,0.5 bowls,smoked,Salvia divinorum
14956,0,12 hits,smoked,Salvia divinorum
5407,0,3 hits,smoked,Salvia divinorum
4100,0,3 hits,smoked,Salvia divinorum
3642,0,50 mg,smoked,Salvia divinorum
3642,1,100 mg,smoked,Salvia divinorum
3451,0,0.375 bowls,smoked,Salvia divinorum
3134,0,2 bowls,smoked,Salvia divinorum
2679,0,1.5 hits,smoked,Salvia divinorum
1740,0,4.5 bowls,smoked,Salvia divinorum
4319,0,2 hits,smoked,Salvia divinorum
939,0,,smoked,Salvia divinorum
3425,0,1.0 ml,sublingual,Salvia divinorum
3425,1,1.0 ml,sublingual,Salvia divinorum
3425,2,1.0 ml,sublingual,Salvia divinorum
3037,0,bowls,smoked,Salvia divinorum
2167,0,25 ml,oral,2C-B
2167,1,3 hits,smoked,Salvia divinorum
2152,0,3 hits,smoked,Salvia divinorum
753,0,1.5,smoked,Salvia divinorum
104107,0,5 g,oral,Kratom
104107,1,,buccal,Salvia divinorum
78400,0,1 hit,smoked,Salvia divinorum
78400,1,1 hit,smoked,Cannabis
115130,0,.8 g,smoked,Salvia divinorum
115130,1,.1 g,smoked,Salvia divinorum
115130,2,.2 g,smoked,Cannabis
115130,3,660 mg,oral,DXM
115130,4,12.5 mg,oral,Pharms - Doxylamine
115130,5,650 mg,oral,Acetaminophen
115130,6,100 carts.,inhaled,Nitrous Oxide
115130,7,10 joints/cigs,smoked,Tobacco - Cigarettes
70580,0,2 hits,smoked,Salvia divinorum
116976,0,2 hits,smoked,Salvia divinorum
116954,0,,smoked,Salvia divinorum
116954,1,,smoked,Salvia divinorum
66210,0,1 hit,smoked,Salvia divinorum
66210,1,1 hit,smoked,Cannabis
66210,2,1 bowl,smoked,Salvia divinorum
66210,3,1 bowl,smoked,Salvia divinorum
66210,4,1 bowl,smoked,Salvia divinorum
97464,0,1 hit,smoked,Salvia divinorum
48252,0,1 bowl,smoked,Salvia divinorum
82009,0,1 hit,smoked,Salvia divinorum
82009,1,1 hit,smoked,Salvia divinorum
70332,0,1 hit,smoked,Salvia divinorum
70412,0,Repeated hits,smoked,Salvia divinorum
64761,0,.5 g,smoked,Salvia divinorum
64761,1,Pinch,smoked,Salvia divinorum
64761,2,Pinch,smoked,Salvia divinorum
64761,3,.5 g,smoked,Salvia divinorum
116185,0,1 hit,smoked,Salvia divinorum
75804,0,2-3 hits,smoked,Salvia divinorum
75720,0,2 hits,smoked,Salvia divinorum
73878,0,0.3 - 1.0 g,smoked,Salvia divinorum
109143,0,200 - 250 mg,smoked,Salvia divinorum
109143,1,,smoked,Cannabis
115085,0,2 - 3 shots,oral,Alcohol - Hard
115085,1,3 bowls,smoked,Salvia divinorum
115075,0,5 - 22.5 g,buccal,Salvia divinorum
70378,0,150 - 250 mg,smoked,Salvia divinorum
96336,0,1 bowl,smoked,Salvia divinorum
72789,0,5 ml,sublingual,Salvia divinorum
11622,0,1 cup,oral,Alcohol - Beer/Wine
11622,1,2 hits,smoked,Salvia divinorum
114591,0,,oral,Coffee
114591,1,,smoked,Cannabis
114591,2,repeated,smoked,Salvia divinorum
87364,0,1 hit,smoked,Salvia divinorum
87364,1,1 glass,oral,Absinthe
87364,2,1 hit,smoked,Salvia divinorum
87364,3,1 glass,oral,Absinthe
87364,4,3 glasses,oral,Alcohol - Beer/Wine
87364,5,1 hit,smoked,Salvia divinorum
71314,0,2 hits,smoked,Salvia divinorum
85785,0,6 - 7 bowls,,Salvia divinorum
73050,0,1 bowl,smoked,Salvia divinorum
73050,1,,oral,Alcohol - Beer/Wine
73050,2,,smoked,Tobacco - Cigarettes
114191,0,30 mg,smoked,Salvia divinorum
107879,0,1 hit,vaporized,Salvia divinorum
96055,0,3 hits,smoked,Salvia divinorum
98245,0,2 hits,smoked,Salvia divinorum
69663,0,1 hit,smoked,Salvia divinorum
113218,0,2 hits,smoked,Salvia divinorum
71957,0,6 hits,vaporized,Salvia divinorum
113217,0,100 mg,smoked,Salvia divinorum
100892,0,1 bowl,smoked,Salvia divinorum
112421,0,1 bowl,smoked,Salvia divinorum
71940,0,3 hits,smoked,Salvia divinorum
87594,0,1 bowl,smoked,Salvia divinorum
111829,0,,smoked,Salvia divinorum
111829,1,,smoked,Tobacco
102632,0,2.5 g,oral,Salvia divinorum
69665,0,,oral,Alcohol
69665,1,1 hit,smoked,Salvia divinorum
96306,0,1 hit,smoked,Salvia divinorum
111882,0,2 bowls,smoked,Salvia divinorum
111882,1,1 bowl,smoked,Salvia divinorum
88716,0,repeated,smoked,Salvia divinorum
55775,0,1 hit,smoked,Salvia divinorum
81100,0,,oral,Cacti - T. pachanoi
81100,1,2 hits,smoked,Salvia divinorum
79730,0,1 hit,vaporized,Salvia divinorum
111099,0,0.5 bowls,smoked,Salvia divinorum
63088,0,,smoked,Cannabis
63088,1,1 bowl,smoked,Salvia divinorum
92734,0,,smoked,Salvia divinorum
105817,0,,sublingual,Salvia divinorum
105817,1,,,Pharmaceuticals
88740,0,,smoked,Salvia divinorum
88740,1,,smoked,Salvia divinorum
88740,2,,buccal,Salvia divinorum
88740,3,,smoked,Salvia divinorum
102925,0,0.5 oz,oral,Salvia divinorum
108054,0,1 hit,smoked,Salvia divinorum
67518,0,4,oral,Alcohol
67518,1,,smoked,Salvia divinorum
81042,0,10 g,oral,Salvia divinorum
80825,0,1 hit,smoked,Salvia divinorum
78022,0,5 g,buccal,Salvia divinorum
84088,0,2 hits,smoked,Salvia divinorum
70770,0,,oral,Cannabis
70770,1,,smoked,Salvia divinorum
70192,0,100 mg,smoked,Salvia divinorum
89483,0,,smoked,Salvia divinorum
96415,0,150 mg,smoked,Salvia divinorum
66462,0,2 bowls,smoked,Salvia divinorum
76911,0,20 mg,oral,Pharms - Escitalopram
76911,1,1/3 bowl,smoked,Salvia divinorum
76911,2,1/4 bowl,smoked,Salvia divinorum
78998,0,3 hits,smoked,Salvia divinorum
63967,0,1 hit,smoked,Salvia divinorum
63967,1,1 hit,smoked,Salvia divinorum
64379,0,1 bowl,smoked,Salvia divinorum
64423,0,6 leaves,smoked,Salvia divinorum
64750,0,,,MDMA
64750,1,,smoked,Salvia divinorum
63687,0,3 leaves,smoked,Salvia divinorum
65227,0,1 hit,smoked,Salvia divinorum
69598,0,250 mg,smoked,Salvia divinorum
71703,0,repeated,smoked,Salvia divinorum
61918,0,,smoked,Salvia divinorum
62456,0,1.5 hits,smoked,Salvia divinorum
64147,0,1 hit,smoked,Salvia divinorum
64147,1,1 bowl,smoked,Salvia divinorum
61916,0,repeated,smoked,Cannabis
61916,1,1 bowl,smoked,Salvia divinorum
61916,2,1 capsl,oral,Melatonin
61964,0,repeated,smoked,Salvia divinorum
61964,1,,smoked,Cannabis
62526,0,,smoked,Salvia divinorum
64429,0,repeated,smoked,Salvia divinorum
64429,1,,smoked,Cannabis
62267,0,100 mg,smoked,Salvia divinorum
62219,0,2 hits,smoked,Salvia divinorum
54220,0,1/3 g,smoked,Salvia divinorum
54220,1,1/3 g,smoked,Cannabis
58821,0,1 tsp,smoked,Salvia divinorum
58600,0,,smoked,Cannabis
58600,1,1 hit,smoked,Salvia divinorum
58181,0,250 mg,smoked,Salvia divinorum
57832,0,1 hit,smoked,Salvia divinorum
58501,0,1 hit,smoked,Salvia divinorum
58318,0,1 hit,smoked,Salvia divinorum
57144,0,0.5 joints/cigs,smoked,Salvia divinorum
57144,1,3 hits,smoked,Salvia divinorum
57512,0,1 bowl,smoked,Salvia divinorum
57966,0,1 hit,smoked,Salvia divinorum
56229,0,3 hits,smoked,Salvia divinorum
66146,0,100 mg,smoked,Salvia divinorum
56212,0,2 hits,smoked,Salvia divinorum
55838,0,3 leaves,sublingual,Salvia divinorum
55914,0,0.25 g,smoked,Salvia divinorum
71904,0,0.25 g,smoked,Salvia divinorum
65400,0,repeated,smoked,Salvia divinorum
65400,1,repeated,oral,Mushrooms
65400,2,repeated,oral,Alcohol - Beer/Wine
58900,0,,oral,Anadenanthera colubrina
58900,1,1 bowl,smoked,Salvia divinorum
78989,0,1 hit,smoked,Salvia divinorum
57160,0,1 hit,smoked,Salvia divinorum
57466,0,1 bowl,smoked,Salvia divinorum
57345,0,1 bowl,smoked,Salvia divinorum
55217,0,,smoked,Salvia divinorum
56138,0,1 bowl,smoked,Salvia divinorum
56085,0,85 mg,smoked,Salvia divinorum
55996,0,2 bowls,smoked,Salvia divinorum
77007,0,,buccal,Salvia divinorum
77007,1,,buccal,Salvia divinorum
55265,0,2 hits,smoked,Salvia divinorum
55181,0,3 leaves,smoked,Salvia divinorum
54341,0,1 hit,smoked,Salvia divinorum
53796,0,1 hit,smoked,Salvia divinorum
53796,1,1 hit,smoked,Salvia divinorum
53816,0,1 hit,smoked,Salvia divinorum
53503,0,2 hits,smoked,Salvia divinorum
53503,1,1 hit,smoked,Salvia divinorum
53484,0,,smoked,Cannabis
53484,1,1 bowl,smoked,Salvia divinorum
53433,0,1 bowl,smoked,Salvia divinorum
52904,0,repeated,smoked,Cannabis
52904,1,4 glasses,oral,Alcohol - Beer/Wine
52904,2,1 bowl,smoked,Cannabis
52904,3,,smoked,Salvia divinorum
52671,0,,smoked,Salvia divinorum
52513,0,2 hits,smoked,Salvia divinorum
51013,0,100 mg,smoked,Salvia divinorum
51013,1,100 mg,smoked,Salvia divinorum
51013,2,100 mg,smoked,Salvia divinorum
51013,3,100 mg,smoked,Salvia divinorum
43964,0,1 hit,smoked,Salvia divinorum
43949,0,165 mg,smoked,Salvia divinorum
42985,0,repeated,smoked,Salvia divinorum
68187,0,2 bowls,smoked,Salvia divinorum
42859,0,165 mg,smoked,Salvia divinorum
42344,0,500 mg,smoked,Salvia divinorum
42261,0,200 mg,smoked,Salvia divinorum
63547,0,3 hits,smoked,Salvia divinorum
60777,0,3 hits,smoked,Salvia divinorum
60777,1,2 hits,smoked,Salvia divinorum
51966,0,1 bowl,smoked,Salvia divinorum
50903,0,,oral,Alcohol
50903,1,1 hit,smoked,Salvia divinorum
41321,0,,sublingual,Salvia divinorum
41321,1,1 leaf,smoked,Salvia divinorum
41282,0,1 hit,smoked,Salvia divinorum
51891,0,200 mg,oral,Pharms - Sertraline
51891,1,1 bowl,smoked,Salvia divinorum
56674,0,2 bowls,smoked,Salvia divinorum
49984,0,1 hit,smoked,Salvia divinorum
39131,0,45 mg,smoked,Salvia divinorum
63029,0,14 g,oral,Cacti - T. peruvianus
63029,1,3 bowls,smoked,Salvia divinorum
37632,0,2 hits,smoked,Salvia divinorum
38123,0,1.5 ml,sublingual,Salvia divinorum
38123,1,1.5 ml,sublingual,Salvia divinorum
38123,2,1.5 ml,sublingual,Salvia divinorum
38567,0,4 bowls,smoked,Salvia divinorum
38546,0,3 hits,smoked,Salvia divinorum
48975,0,1 bowl,smoked,Salvia divinorum
48032,0,2 hits,smoked,Salvia divinorum
48032,1,1 hit,smoked,Salvia divinorum
48203,0,repeated,smoked,Salvia divinorum
63968,0,5.0 ml,sublingual,Salvia divinorum
63968,1,150 mg,smoked,Salvia divinorum
53502,0,2 hits,smoked,Salvia divinorum
63900,0,4 hits,smoked,Salvia divinorum
61015,0,1 hit,smoked,Salvia divinorum
65501,0,1 hit,smoked,Salvia divinorum
65501,1,1 hit,smoked,Salvia divinorum
48448,0,2.2 g,smoked,Salvia divinorum
47029,0,1 hit,smoked,Salvia divinorum
54040,0,1 hit,smoked,Salvia divinorum
48131,0,1 bowl,smoked,Salvia divinorum
36088,0,2 bowls,smoked,Salvia divinorum
53309,0,1 bowl,smoked,Salvia divinorum
35995,0,50 mg,smoked,Salvia divinorum
47015,0,1 hit,smoked,Salvia divinorum
41719,0,1 hit,smoked,Salvia divinorum
46486,0,3.5 g,smoked,Salvia divinorum
46486,1,0.5 g,smoked,Tobacco
63469,0,2 drops,sublingual,Salvia divinorum
63469,1,200 mg,smoked,Salvia divinorum
45921,0,1 bowl,smoked,Salvia divinorum
45653,0,2 hits,smoked,Salvia divinorum
45641,0,0.5 g,smoked,Salvia divinorum
45700,0,1 hit,smoked,Salvia divinorum
57500,0,1 hit,smoked,Salvia divinorum
33177,0,2 hits,smoked,Salvia divinorum
33177,1,2 hits,smoked,Salvia divinorum
32470,0,1 bowl,smoked,Salvia divinorum
58061,0,150 mg,smoked,Salvia divinorum
35078,0,2 hits,smoked,Salvia divinorum
35078,1,3 hits,smoked,Salvia divinorum
64303,0,2 bowls,smoked,Salvia divinorum
64303,1,2 bowls,smoked,Salvia divinorum
62903,0,1 hit,smoked,Salvia divinorum
45580,0,2 hits,smoked,Salvia divinorum
63793,0,1 hit,smoked,Salvia divinorum
63793,1,,,Pharms - Citalopram
44575,0,1 hit,smoked,Salvia divinorum
63319,0,2 hits,smoked,Salvia divinorum
66367,0,2.2 mg,smoked,Salvinorin A
62637,0,1 hit,smoked,Salvia divinorum
55861,0,,smoked,Salvia divinorum
55861,1,,smoked,Cannabis
56421,0,repeated,smoked,Salvia divinorum
51745,0,repeated,smoked,Salvia divinorum
55226,0,225 mg,smoked,Salvia divinorum
55226,1,325 mg,smoked,Salvia divinorum
43662,0,3 bowls,smoked,Salvia divinorum
43650,0,100 mg,smoked,Salvia divinorum
43638,0,4 hits,smoked,Salvia divinorum
49099,0,200 mg,smoked,Methamphetamine
49099,1,1 tablet,oral,Pharms - Alprazolam
49099,2,2.0 g,smoked,Cannabis
49099,3,1 bowl,smoked,Salvia divinorum
46088,0,2 hits,smoked,Salvia divinorum
47194,0,3 bowls,smoked,Salvia divinorum
45608,0,11 hits,smoked,Salvia divinorum
45608,1,2 glasses,oral,Alcohol - Beer/Wine
43066,0,2.5 bowls,smoked,Salvia divinorum
43066,1,1 bowl,smoked,Salvia divinorum
63924,0,3 hits,smoked,Cannabis
63924,1,3 hits,smoked,Salvia divinorum
55723,0,1.5 bowls,smoked,Salvia divinorum
48522,0,1 tablet,insufflated,MDMA
48522,1,,smoked,Cannabis
48522,2,,smoked,Cannabis
48522,3,6 hits,smoked,Salvia divinorum
41938,0,100 mg,smoked,Salvia divinorum
37871,0,repeated,smoked,Salvia divinorum
41618,0,1 hit,smoked,Salvia divinorum
40903,0,1 hit,smoked,Salvia divinorum
40612,0,1 hit,smoked,Salvia divinorum
40612,1,1 hit,smoked,Salvia divinorum
43952,0,1 bowl,smoked,Salvia divinorum
38429,0,1 hit,smoked,Salvia divinorum
38429,1,1 hit,smoked,Salvia divinorum
32552,0,2 leaves,sublingual,Salvia divinorum
32552,1,3 leaves,smoked,Salvia divinorum
30596,0,3 hits,smoked,Salvia divinorum
30546,0,1 bowl,smoked,Salvia divinorum
30101,0,2 bowls,smoked,Salvia divinorum
30101,1,1.5 bowls,smoked,Salvia divinorum
37121,0,50 mg,smoked,Salvia divinorum
31983,0,1.0 g,smoked,Salvia divinorum
33980,0,3 hits,smoked,Salvia divinorum
29707,0,200 mg,smoked,Salvia divinorum
40256,0,repeated,smoked,Salvia divinorum
60995,0,repeated,smoked,Salvia divinorum
27315,0,300 mg,smoked,Salvia divinorum
33774,0,3 hits,smoked,Salvia divinorum
33774,1,,oral,Pharms - Citalopram
33774,2,,oral,Pharms - Bupropion
30420,0,2 hits,smoked,Salvia divinorum
35395,0,2 hits,smoked,Salvia divinorum
35395,1,,smoked,Cannabis
35395,2,2 hits,smoked,Salvia divinorum
35395,3,2 hits,smoked,Salvia divinorum
41619,0,1 hit,smoked,Salvia divinorum
40161,0,3 hits,smoked,Salvia divinorum
36042,0,3 bowls,smoked,Salvia divinorum
35212,0,0.5 g,smoked,Salvia divinorum
32893,0,4 hits,smoked,Salvia divinorum
37769,0,,smoked,Salvia divinorum
26510,0,50 mg,smoked,Salvia divinorum
30438,0,1.5 bowls,smoked,Salvia divinorum
50669,0,1 bowl,smoked,Salvia divinorum
50357,0,2 joints/cigs,smoked,Salvia divinorum
40934,0,,sublingual,Salvia divinorum
53050,0,2 hits,smoked,Salvia divinorum
23131,0,1 bowl,smoked,Salvia divinorum
21133,0,repeated,smoked,Salvia divinorum
36352,0,0.5 bowls,smoked,Salvia divinorum
36352,1,0.5 bowls,smoked,Salvia divinorum
36352,2,1 bowl,smoked,Salvia divinorum
35986,0,repeated,smoked,Salvia divinorum
33633,0,50 mg,smoked,Salvia divinorum
22031,0,1 hit,smoked,Salvia divinorum
22031,1,3 hits,smoked,Cannabis
22030,0,5 hits,smoked,Salvia divinorum
37000,0,2.0 g,sublingual,Salvia divinorum
37000,1,3 hits,smoked,Salvia divinorum
23108,0,3 hits,smoked,Salvia divinorum
29286,0,0.5 bowls,smoked,Cannabis
29286,1,0.0333 g,smoked,Salvia divinorum
29286,2,0.05 g,smoked,Salvia divinorum
35298,0,12 leaves,sublingual,Salvia divinorum
34546,0,1 hit,smoked,Salvia divinorum
27685,0,repeated,smoked,Salvia divinorum
47094,0,80 mg,smoked,DMT
47094,1,,smoked,Salvia divinorum
31827,0,2 hits,smoked,Salvia divinorum
24642,0,2 hits,smoked,Salvia divinorum
41373,0,,oral,Lotus/Lily - Nymphaea nouchali var caerulea
41373,1,80 mg,smoked,Salvia divinorum
41373,2,150 mg,smoked,Salvia divinorum
19990,0,125 mg,smoked,Salvia divinorum
19747,0,0.3 g,smoked,Salvia divinorum
46726,0,1 hit,smoked,Salvia divinorum
20043,0,1 glass,oral,Alcohol - Beer/Wine
20043,1,1 hit,smoked,Salvia divinorum
19329,0,2 hits,smoked,Salvia divinorum
19329,1,4 hits,smoked,Salvia divinorum
18977,0,1 hit,smoked,Salvia divinorum
18848,0,3 hits,smoked,Salvia divinorum
42977,0,3 bowls,smoked,Salvia divinorum
15862,0,,smoked,Salvia divinorum
18134,0,,smoked,Salvia divinorum
14766,0,400 mg,oral,Pharms - Carbamazepine
14766,1,3 bowls,smoked,Salvia divinorum
33090,0,1 bowl,smoked,Salvia divinorum
33950,0,200 mg,smoked,Salvia divinorum
21027,0,67 mg,smoked,Salvia divinorum
25258,0,2.5 hits,smoked,Salvia divinorum
24376,0,2 hits,smoked,Salvia divinorum
11646,0,1 bowl,smoked,Salvia divinorum
37809,0,1 bowl,smoked,Salvia divinorum
37763,0,50 mg,oral,AMT
37763,1,400 mg,smoked,Salvia divinorum
12004,0,1 cig.,smoked,Salvia divinorum
12004,1,1 bowl,smoked,Salvia divinorum
10091,0,2 hits,smoked,Salvia divinorum
34869,0,0.2 g,smoked,Salvia divinorum
8313,0,2 hits,smoked,Salvia divinorum
9215,0,10 g,buccal,Salvia divinorum
9215,1,1 bowl,smoked,Salvia divinorum
9215,2,1 bowl,smoked,Salvia divinorum
9215,3,,smoked,Cannabis
9191,0,3 bowls,smoked,Cannabis
8241,0,,buccal,Salvia divinorum
8241,1,,oral,Salvia divinorum
8995,0,0.5 bowls,smoked,Salvia divinorum
8669,0,3.0 g,smoked,Salvia divinorum
33205,0,2 hits,smoked,Salvia divinorum
13211,0,3 hits,smoked,Salvia divinorum
10121,0,2 bowls,smoked,Salvia divinorum
9084,0,2 bowls,smoked,Salvia divinorum
7966,0,3 hits,smoked,Salvia divinorum
23277,0,,smoked,Cannabis
23277,1,,smoked,Salvia divinorum
7958,0,0.5 g,smoked,Salvia divinorum
7958,1,0.5 g,smoked,Cannabis
27352,0,0.5 hits,oral,LSD
27352,1,3 hits,smoked,Salvia divinorum
27352,2,3 tablets,oral,MDMA
27352,3,3 hits,smoked,Salvia divinorum
24356,0,2 hits,oral,Salvia divinorum
7268,0,repeated,smoked,Salvia divinorum
7268,1,repeated,smoked,Cannabis
19878,0,,buccal,Coca
19878,1,,buccal,Salvia divinorum
19737,0,repeated,smoked,Salvia divinorum
19347,0,,smoked,Salvia divinorum
19190,0,1 hit,smoked,Salvia divinorum
12595,0,1 bowl,smoked,Salvia divinorum
18218,0,0.5 g,smoked,Salvia divinorum
17580,0,3.0 ml,sublingual,Salvia divinorum
14915,0,1 bowl,smoked,Salvia divinorum
7659,0,3 hits,smoked,Salvia divinorum
11874,0,,smoked,Salvia divinorum
5514,0,500 mg,smoked,Salvia divinorum
5447,0,1 leaf,smoked,Salvia divinorum
5144,0,7 drops,oral,Cannabis - Hash
5144,1,3 hits,smoked,Salvia divinorum
11716,0,,smoked,Salvia divinorum
3785,0,3 hits,smoked,Salvia divinorum
3319,0,,inhaled,Salvia divinorum
2694,0,1.0 g,smoked,Salvia divinorum
2642,0,,smoked,Salvia divinorum
9526,0,0.25 g,smoked,Salvia divinorum
307,0,3 bowls,smoked,Salvia divinorum
102325,0,,smoked,Salvia divinorum
118422,0,1 bowl,smoked,Salvia divinorum
67464,0,3 hits,smoked,Salvia divinorum
76764,0,,,Alcohol - Beer/Wine
76764,1,1 hit,smoked,Salvia divinorum
76764,2,1 line,,Cocaine
56515,0,4 hits,smoked,Salvia divinorum
66910,0,2 hits,smoked,Salvia divinorum
70636,0,1 hit,smoked,Salvia divinorum
70582,0,2 hits,smoked,Salvia divinorum
70583,0,1 hit,smoked,Salvia divinorum
78566,0,1 hit,smoked,Salvia divinorum
78566,1,1 hit,smoked,Salvia divinorum
12471,0,2 hits,smoked,Salvia divinorum
12471,1,a bowls,smoked,Cannabis
12469,0,5 hits,smoked,Salvia divinorum
12388,0,4 hits,smoked,Salvia divinorum
25265,0,Several hits,smoked,Salvia divinorum
11986,0,,,Amphetamines
11986,1,,,Cannabis
11986,2,1 hit,smoked,Salvia divinorum
15608,0,1 hit,smoked,Salvia divinorum
36753,0,5+ hits,smoked,Salvia divinorum
36644,0,Couple bowls,smoked,Cannabis
36644,1,2 hits,smoked,Salvia divinorum
20208,0,28 leaves,oral,Salvia divinorum
20208,1,4 hits,smoked,Salvia divinorum
110071,0,1 hit,smoked,Salvia divinorum
15821,0,several hits,smoked,Salvia divinorum
19110,0,3 lbs,oral,Cacti - T. pachanoi
19110,1,4 lbs,oral,Cacti - T. pachanoi
19110,2,a glasses,oral,Alcohol - Beer/Wine
19110,3,1 bowl,smoked,Salvia divinorum
15823,0,3 bowls,smoked,Salvia divinorum
15823,1,Many hits,smoked,Cannabis
46137,0,1 hit,smoked,Salvia divinorum
85147,0,4 mg,oral,Pharms - Alprazolam
85147,1,1 hit,smoked,Salvia divinorum
85147,2,Several bowls,smoked,Cannabis
89460,0,1 hit,smoked,Salvia divinorum
66616,0,~150 mg,smoked,Salvia divinorum
68516,0,2 hits,smoked,Salvia divinorum
116724,0,250 mg,smoked,Salvia divinorum
116724,1,2 hits,smoked,Cannabis
116666,0,1 hit,smoked,Salvia divinorum
69519,0,2 hits,oral,LSD
69519,1,1/2 cig.,smoked,Cannabis
69519,2,1/2 cig.,smoked,Tobacco
69519,3,1 bowl,smoked,Salvia divinorum
70253,0,2 hits,smoked,Salvia divinorum
70253,1,2 hits,smoked,Cannabis
116289,0,4.15 g,buccal,Salvia divinorum
85754,0,1 hit,smoked,Salvia divinorum
115979,0,,,Alcohol
115979,1,1 hit,smoked,Salvia divinorum
115979,2,2 hits,smoked,Salvia divinorum
66235,0,1 hit,smoked,Salvia divinorum
66235,1,1 hit,smoked,Cannabis
66679,0,4 hits,smoked,Salvia divinorum
66606,0,Repeated hits,smoked,Cannabis
66606,1,1 bowl,smoked,Salvia divinorum
115807,0,30 mg,smoked,Salvia divinorum
34302,0,1 bowl,,Salvia divinorum
41223,0,20 leaves,buccal,Salvia divinorum
41223,1,,smoked,Salvia divinorum
11824,0,2 hits,smoked,Salvia divinorum
95384,0,4 hits,smoked,Wormwood
95384,1,4 hits,smoked,Salvia divinorum
104298,0,0.1 g,smoked,Salvia divinorum
104298,1,1 cig.,smoked,Cannabis
53727,0,1 hit,smoked,Salvia divinorum
41595,0,,smoked,Salvia divinorum
50554,0,,oral,Cannabis
50554,1,,smoked,Salvia divinorum
61720,0,,smoked,Salvia divinorum
46263,0,4 bowls,smoked,Salvia divinorum
46263,1,1 hit,smoked,Salvia divinorum
114984,0,166 mg,smoked,Salvia divinorum
110986,0,1 bowl,smoked,Salvia divinorum
110986,1,2 carts.,inhaled,Nitrous Oxide
110743,0,50 mg,smoked,Salvia divinorum
12177,0,2 hits,smoked,Salvia divinorum
69253,0,1 hit,smoked,Salvia divinorum
36489,0,3 hits,smoked,Salvia divinorum
21810,0,2 leaves,smoked,Salvia divinorum
12063,0,3 hits,smoked,Salvia divinorum
74334,0,0.5 g,smoked,Salvia divinorum
75178,0,2 leaves,smoked,Salvia divinorum
97988,0,0.3 g,smoked,Salvia divinorum
97987,0,0.2 g,smoked,Salvia divinorum
97987,1,,smoked,Salvia divinorum
97987,2,0.3 g,smoked,Salvia divinorum
114864,0,142 mg,smoked,Salvia divinorum
103879,0,1 hit,smoked,Cannabis
103879,1,,vaporized,Salvia divinorum
103879,2,,smoked,Salvia divinorum
89069,0,1 hit,smoked,Salvia divinorum
73901,0,1 hit,smoked,Salvia divinorum
50822,0,3 hits,smoked,Salvia divinorum
11643,0,3 hits,smoked,Salvia divinorum
11593,0,2 hits,smoked,Salvia divinorum
103742,0,1 hit,smoked,Salvia divinorum
99467,0,60 mg,oral,Duloxetine
99467,1,1/2 tablet,oral,Pharms - Propranolol
99467,2,3 ml,sublingual,Salvia divinorum
73660,0,2 leaves,buccal,Salvia divinorum
72850,0,2 hits,smoked,Salvia divinorum
89223,0,1 bowl,smoked,Salvia divinorum
84779,0,1 bowl,smoked,Salvia divinorum
84779,1,2 hits,smoked,Salvia divinorum
63597,0,Few bowls,smoked,Cannabis
63597,1,1 hit,smoked,Salvia divinorum
63597,2,Few bowls,smoked,Cannabis
83334,0,3 hits,smoked,Salvia divinorum
81336,0,1 hit,smoked,Salvia divinorum
98711,0,1 hit,smoked,Salvia divinorum
49395,0,3 hits,smoked,Salvia divinorum
52463,0,2 hits,smoked,Salvia divinorum
72190,0,1 bowl,smoked,Salvia divinorum
96618,0,2 hits,smoked,Salvia divinorum
72442,0,2 hits,smoked,Salvia divinorum
64622,0,1 hit,smoked,Salvia divinorum
106583,0,,smoked,Salvia divinorum
83941,0,2 hits,smoked,Salvia divinorum
30519,0,1 hit,smoked,Salvia divinorum
100796,0,2 hits,smoked,Salvia divinorum
103503,0,10 leaves,buccal,Salvia divinorum
113115,0,,smoked,Salvia divinorum
55609,0,.5 g,smoked,Salvia divinorum
109004,0,4-5 leaves,buccal,Salvia divinorum
109004,1,4 leaves,buccal,Salvia divinorum
112808,0,,smoked,Cannabis
112808,1,2 hits,smoked,Salvia divinorum
112808,2,2 hits,smoked,Salvia divinorum
112898,0,1 bowl,smoked,Cannabis
112898,1,1 bowl,smoked,Salvia divinorum
71680,0,50 mg,smoked,Salvia divinorum
88577,0,1 hit,smoked,Salvia divinorum
11366,0,repeated,smoked,Salvia divinorum
112294,0,,smoked,Salvia divinorum
10775,0,1.5 g,smoked,Salvia divinorum
67375,0,15 mg,smoked,Salvia divinorum
56314,0,,smoked,Cannabis
56314,1,,smoked,Salvia divinorum
56314,2,,smoked,Salvia divinorum
70831,0,,smoked,Salvia divinorum
14267,0,1 hit,smoked,Salvia divinorum
42637,0,1 hit,smoked,Salvia divinorum
11349,0,1 hit,smoked,Salvia divinorum
28100,0,1 hit,smoked,Salvia divinorum
28100,1,1 hit,smoked,Salvia divinorum
111926,0,0.25 tsp,smoked,Salvia divinorum
84870,0,,smoked,Salvia divinorum
111469,0,1 bowl,smoked,Salvia divinorum
111547,0,2 hits,smoked,Salvia divinorum
111734,0,1 hit,smoked,Salvia divinorum
111734,1,1 hit,smoked,Salvia divinorum
50505,0,2 hits,smoked,Salvia divinorum
22023,0,4 hits,smoked,Salvia divinorum
111730,0,2 hits,smoked,Salvia divinorum
111568,0,,smoked,Salvia divinorum
10790,0,3 hits,smoked,Salvia divinorum
24586,0,,smoked,Salvia divinorum
24586,1,1 bowl,smoked,Salvia divinorum
25079,0,2 hits,smoked,Salvia divinorum
63243,0,3 hits,smoked,Salvia divinorum
66038,0,.2 g,smoked,Salvia divinorum
76309,0,1 hit,smoked,Salvia divinorum
51814,0,3 bowls,smoked,Salvia divinorum
45308,0,1 bowl,smoked,Salvia divinorum
48389,0,.125 g,smoked,Salvia divinorum
48389,1,.166 g,smoked,Salvia divinorum
70768,0,1 bowl,smoked,Salvia divinorum
78421,0,4 hits,smoked,Salvia divinorum
49884,0,3 hits,smoked,Salvia divinorum
49884,1,,smoked,Cannabis
81837,0,3 glasses,oral,Alcohol - Beer/Wine
81837,1,.33 g,smoked,Salvia divinorum
53041,0,,smoked,Salvia divinorum
55826,0,.25 tsp,smoked,Salvia divinorum
111180,0,,smoked,Salvia divinorum
102999,0,,buccal,Salvia divinorum
102999,1,,oral,Salvia divinorum
100231,0,250 mg,smoked,Salvia divinorum
50515,0,2 hits,smoked,Salvia divinorum
88779,0,1 hit,smoked,Salvia divinorum
76130,0,2 hits,smoked,Salvia divinorum
76130,1,2 hits,smoked,Cannabis
110969,0,4 hits,smoked,Salvia divinorum
110969,1,1 hit,smoked,Salvia divinorum
110944,0,1.5 g,smoked,Salvia divinorum
62544,0,.16 g,smoked,Salvia divinorum
77466,0,2 capsls,rectal,Salvia divinorum
77466,1,4 capsls,rectal,Salvia divinorum
77466,2,8 capsls,rectal,Salvia divinorum
91224,0,3 leaves,smoked,Salvia divinorum
91224,1,,smoked,Salvia divinorum
108829,0,repeated,smoked,Salvia divinorum
108829,1,,smoked,Cannabis
77082,0,,smoked,Salvia divinorum
89838,0,,oral,Kava
89838,1,3 hits,smoked,Salvia divinorum
89838,2,2 hits,smoked,Salvia divinorum
92888,0,1 hit,smoked,Salvia divinorum
76191,0,1 hit,smoked,Salvia divinorum
66419,0,1 hit,smoked,Salvia divinorum
54119,0,1 g,smoked,Salvia divinorum
57337,0,1 g,smoked,Salvia divinorum
57973,0,40 mg,smoked,Salvia divinorum
58450,0,1 hit,smoked,Salvia divinorum
55682,0,2 hits,smoked,Salvia divinorum
55652,0,1 bowl,smoked,Salvia divinorum
56948,0,repeated,smoked,Salvia divinorum
56480,0,1 bowl,smoked,Salvia divinorum
55235,0,,oral,Amanitas
55235,1,,smoked,Salvia divinorum
54744,0,1 hit,smoked,Salvia divinorum
77005,0,,smoked,Salvia divinorum
55105,0,0.3 g,smoked,Salvia divinorum
55071,0,1 hit,smoked,Salvia divinorum
45398,0,1 bowl,smoked,Salvia divinorum
45284,0,500 mg,smoked,Salvia divinorum
45022,0,1 bowl,smoked,Salvia divinorum
53798,0,repeated,smoked,Salvia divinorum
53934,0,3 leaves,smoked,Salvia divinorum
67729,0,1 hit,smoked,Salvia divinorum
53068,0,1 bowl,smoked,Salvia divinorum
44931,0,8 oz,oral,Alcohol - Beer/Wine
44931,1,1 bowl,smoked,Salvia divinorum
44931,2,,smoked,Cannabis
44931,3,,smoked,Salvia divinorum
52763,0,1 hit,smoked,Salvia divinorum
52718,0,1 bowl,smoked,Salvia divinorum
44585,0,,smoked,Salvia divinorum
44518,0,repeated,smoked,Salvia divinorum
44027,0,repeated,smoked,Cannabis
44027,1,1 capsl,oral,MDMA
44027,2,1 hit,smoked,Salvia divinorum
43722,0,0.5 bowls,smoked,Salvia divinorum
53029,0,1 hit,smoked,Salvia divinorum
53467,0,1 hit,smoked,Salvia divinorum
43362,0,2 hits,smoked,Salvia divinorum
43034,0,250 mg,smoked,Salvia divinorum
42953,0,125 mg,smoked,Salvia divinorum
42848,0,600 mg,smoked,Salvia divinorum
42039,0,1 hit,smoked,Salvia divinorum
41806,0,1 bowl,smoked,Cannabis
41806,1,4 shots,oral,Alcohol - Hard
41806,2,50 mg,smoked,Salvia divinorum
41302,0,3 bowls,smoked,Salvia divinorum
40985,0,125 mg,smoked,Salvia divinorum
40610,0,,smoked,Salvia divinorum
40429,0,100 mg,smoked,Salvia divinorum
70827,0,3 bowls,smoked,Cannabis
70827,1,1 bowl,smoked,Salvia divinorum
50106,0,repeated,smoked,Salvia divinorum
69523,0,1 bowl,smoked,Salvia divinorum
49915,0,0.25 mg,insufflated,Pharms - Alprazolam
49915,1,,smoked,Salvia divinorum
49915,2,2 hits,smoked,Salvia divinorum
49915,3,10 mg,oral,Pharms - Amitriptyline
49915,4,10 mg,oral,Pharms - Nortriptyline
39993,0,100 mg,smoked,Salvia divinorum
12298,0,100 mg,smoked,Salvia divinorum
12298,1,100 mg,smoked,Salvia divinorum
38605,0,7.0 g,smoked,Salvia divinorum
38536,0,,,MDMA
38536,1,,,Amphetamines
38536,2,,,Mushrooms
38536,3,1 bowl,smoked,Salvia divinorum
37175,0,2 bowls,smoked,Salvia divinorum
37013,0,1 hit,smoked,Salvia divinorum
36998,0,3 hits,smoked,Salvia divinorum
36820,0,repeated,smoked,Salvia divinorum
36820,1,repeated,smoked,Cannabis
36806,0,2 bowls,smoked,Salvia divinorum
35646,0,repeated,smoked,Salvia divinorum
35646,1,repeated,smoked,Salvia divinorum
34337,0,2 bowls,smoked,Salvia divinorum
33948,0,2 bowls,smoked,Salvia divinorum
33501,0,50 mg,smoked,Salvia divinorum
33501,1,40 mg,smoked,Salvia divinorum
33501,2,12.5 mg,smoked,Salvia divinorum
33501,3,12.5 mg,smoked,Salvia divinorum
33501,4,repeated,smoked,Salvia divinorum
33070,0,1 hit,smoked,Salvia divinorum
32701,0,20 mg,oral,2C-I
32701,1,1 bowl,smoked,Cannabis
32701,2,10 mg,oral,Amphetamines
32701,3,1 bowl,smoked,Salvia divinorum
32658,0,2 bowls,smoked,Salvia divinorum
32658,1,,sublingual,Salvia divinorum
32658,2,1 bowl,smoked,Salvia divinorum
31742,0,2 hits,smoked,Salvia divinorum
31742,1,2 hits,smoked,Salvia divinorum
31344,0,5 hits,smoked,Salvia divinorum
31340,0,2 hits,smoked,Salvia divinorum
49260,0,,oral,Alcohol
49260,1,,smoked,Cannabis
49260,2,1 hit,smoked,Salvia divinorum
35052,0,3 hits,smoked,Salvia divinorum
35201,0,1 bowl,smoked,Salvia divinorum
29963,0,repeated,smoked,Salvia divinorum
27452,0,10 glasses,oral,Alcohol - Beer/Wine
27452,1,repeated,smoked,Cannabis
27452,2,250 mg,smoked,Salvia divinorum
25350,0,2 hits,smoked,Salvia divinorum
55261,0,250 mg,smoked,Salvia divinorum
52932,0,1 hit,smoked,Salvia divinorum
27659,0,1 bowl,smoked,Salvia divinorum
22606,0,1 bowl,smoked,Salvia divinorum
21792,0,3 bowls,smoked,Salvia divinorum
25478,0,0.25 g,smoked,Salvia divinorum
42748,0,,smoked,Cannabis
42748,1,3 hits,smoked,Salvia divinorum
42464,0,3 hits,smoked,Salvia divinorum
42464,1,,smoked,Cannabis
43105,0,1 bowl,smoked,Salvia divinorum
19016,0,1 hit,smoked,Salvia divinorum
42597,0,50 mg,smoked,Salvia divinorum
50622,0,,smoked,Salvia divinorum
29623,0,2 hits,smoked,Salvia divinorum
15801,0,3.0 g,smoked,Salvia divinorum
47277,0,2 hits,smoked,Salvia divinorum
13342,0,,smoked,Cannabis
28926,0,125 mg,smoked,Salvia divinorum
31138,0,3 hits,smoked,Salvia divinorum
27151,0,1 bowl,smoked,Salvia divinorum
47639,0,125 mg,smoked,Salvia divinorum
33824,0,250 mg,smoked,Salvia divinorum
33824,1,,smoked,Cannabis
36343,0,50 mg,smoked,Salvia divinorum
25990,0,2 hits,smoked,Salvia divinorum
25990,1,8 oz,oral,Alcohol - Hard
25990,2,0.25 bowls,smoked,Cannabis
25990,3,2 hits,smoked,Salvia divinorum
24485,0,2 bowls,smoked,Salvia divinorum
24485,1,2 bowls,smoked,Salvia divinorum
24604,0,0.25 oz,smoked,Salvia divinorum
13096,0,150 mg,smoked,Salvia divinorum
12747,0,200 mg,smoked,Salvia divinorum
27795,0,1 hit,smoked,Salvia divinorum
39273,0,2 hits,smoked,Salvia divinorum
36639,0,1 hit,smoked,Salvia divinorum
23916,0,,sublingual,Salvia divinorum
23916,1,1.0 g,smoked,Salvia divinorum
47928,0,repeated,smoked,Salvia divinorum
12633,0,100 mg,smoked,Salvia divinorum
28665,0,1 bowl,smoked,Salvia divinorum
35247,0,1.0 g,smoked,Salvia divinorum
35247,1,5 lines,insufflated,Codeine
35247,2,1,smoked,Tobacco - Cigarettes
50541,0,1 cup,oral,Kava
50541,1,1.0 g,smoked,Salvia divinorum
50541,2,10 g,oral,Damiana
50541,3,2 hits,smoked,Damiana
26735,0,2 hits,smoked,Salvia divinorum
46935,0,repeated,smoked,Salvia divinorum
19057,0,6,oral,Alcohol - Beer/Wine
19057,1,,smoked,Salvia divinorum
23120,0,50 mg,smoked,Salvia divinorum
33472,0,1 bowl,smoked,Cannabis
33472,1,1 bowl,smoked,Cannabis
33472,2,250 mg,smoked,Salvia divinorum
33472,3,,smoked,Cannabis
33472,4,30 mg,oral,Pharms - Fluoxetine
33472,5,25 mg,oral,Pharms - Quetiapine
33472,6,1500 mg,oral,Pharms - Divalproex
20028,0,2 bowls,smoked,Salvia divinorum
16363,0,repeated,smoked,Cannabis
16363,1,1 bowl,smoked,Salvia divinorum
35443,0,,oral,Alcohol - Beer/Wine
35443,1,2 bowls,smoked,Damiana
35443,2,3 bowls,smoked,Salvia divinorum
10202,0,5 leaves,smoked,Salvia divinorum
17386,0,0.5 bowls,smoked,Cannabis
17386,1,0.5 bowls,smoked,Salvia divinorum
14725,0,0.75 g,smoked,Salvia divinorum
24589,0,1.0 g,smoked,Salvia divinorum
14815,0,1 bowl,smoked,Salvia divinorum
14796,0,2 hits,smoked,Salvia divinorum
21561,0,3 hits,smoked,Salvia divinorum
24956,0,2 hits,smoked,Salvia divinorum
11518,0,1.0 g,smoked,Salvia divinorum
37722,0,12 in,oral,Cacti - T. pachanoi
37722,1,,smoked,Cannabis
37722,2,,smoked,Salvia divinorum
11602,0,,smoked,Salvia divinorum
36579,0,125 mg,smoked,Salvia divinorum
35059,0,3 hits,smoked,Salvia divinorum
10144,0,100 mg,smoked,Salvia divinorum
8294,0,1 bowl,smoked,Salvia divinorum
8381,0,2 hits,smoked,Salvia divinorum
9644,0,2 bowls,smoked,Salvia divinorum
8433,0,100 mg,smoked,Salvia divinorum
8276,0,,oral,Salvia divinorum
8820,0,2 hits,smoked,Salvia divinorum
8654,0,200 mg,smoked,Salvia divinorum
9036,0,50 mg,smoked,Salvia divinorum
32345,0,1 bowl,smoked,Salvia divinorum
32121,0,2 hits,smoked,Salvia divinorum
17816,0,2 hits,smoked,Salvia divinorum
30669,0,,smoked,Salvia divinorum
9866,0,0.2 g,smoked,Salvia divinorum
26291,0,3 hits,smoked,Salvia divinorum
16954,0,1.0 g,smoked,Salvia divinorum
7950,0,1 hit,smoked,Salvia divinorum
27619,0,,smoked,Cannabis
27619,1,0.1 g,smoked,Salvia divinorum
15998,0,5 hits,smoked,Salvia divinorum
18520,0,4 hits,smoked,Salvia divinorum
8571,0,1 bowl,smoked,Salvia divinorum
8571,1,1 bowl,smoked,Salvia divinorum
8571,2,1 bowl,smoked,Salvia divinorum
8571,3,,smoked,Cannabis
8571,4,1 bowl,smoked,Salvia divinorum
7346,0,50 mg,smoked,Salvia divinorum
7289,0,4 leaves,smoked,Salvia divinorum
7310,0,2 joints/cigs,smoked,Leonotis leonurus
7310,1,2 bowls,smoked,Salvia divinorum
19884,0,4.0 g,buccal,Salvia splendens
19884,1,5.0 g,smoked,Salvia splendens
17978,0,1 bowl,smoked,Salvia divinorum
8202,0,100 mg,smoked,Salvia divinorum
8202,1,100 mg,smoked,Salvia divinorum
16043,0,,smoked,Salvia divinorum
8905,0,6 drops,sublingual,Salvia divinorum
6815,0,0.5 bowls,smoked,Salvia divinorum
9820,0,1.0 g,sublingual,Salvia splendens
9820,1,0.3 g,smoked,Cannabis
9820,2,,smoked,Salvia splendens
6278,0,3 bowls,smoked,Salvia divinorum
5877,0,160 mg,smoked,Salvia divinorum
5761,0,2 hits,smoked,Salvia divinorum
5678,0,4 hits,smoked,Salvia divinorum
10310,0,10 hits,smoked,Salvia divinorum
5674,0,100 mg,smoked,Salvia divinorum
5463,0,2 hits,smoked,Salvia divinorum
5254,0,3 hits,smoked,Salvia divinorum
5179,0,100 mg,smoked,Salvia divinorum
5179,1,,insufflated,Pharms - Diazepam
4891,0,2 hits,smoked,Salvia divinorum
4848,0,1.5 leaves,smoked,Salvia divinorum
4834,0,3 bowls,smoked,Salvia divinorum
3632,0,200 mg,smoked,Salvia divinorum
3836,0,0.5 g,smoked,Salvia divinorum
4373,0,3 bowls,smoked,Salvia divinorum
2997,0,125 mg,smoked,Salvia divinorum
2991,0,1 hit,smoked,Salvia divinorum
2991,1,2 hits,smoked,Salvia divinorum
2942,0,,oral,Kava
2942,1,,oral,Alcohol
2942,2,3 hits,inhaled,Salvia divinorum
2942,3,3 hits,inhaled,Salvia divinorum
2736,0,,smoked,Salvia divinorum
2856,0,1 hit,smoked,Salvia divinorum
11200,0,,,Salvia divinorum
3213,0,1 bowl,smoked,Salvia divinorum
2315,0,0.35 g,smoked,Salvia divinorum
245,0,9 drops,sublingual,Salvia divinorum
186,0,2 hits,smoked,Salvia divinorum
138,0,1.0 g,smoked,Salvia divinorum
100,0,,smoked,Cannabis
1681,0,,smoked,Salvia divinorum
1636,0,1 bowl,smoked,Cannabis
1636,1,1 bowl,smoked,Salvia divinorum
1597,0,1 bowl,smoked,Salvia divinorum
1638,0,1 hit,smoked,Cannabis
1638,1,0.0833 oz,sublingual,Salvia divinorum
7420,0,1 bowl,smoked,Salvia splendens
4239,0,0.5 g,smoked,Salvia divinorum
1558,0,1 bowl,smoked,Salvia divinorum
1541,0,1.8 ml,sublingual,Salvia divinorum
1541,1,25 mg,smoked,Salvia divinorum
1541,2,25 mg,smoked,Salvia divinorum
1541,3,25 mg,smoked,Salvia divinorum
1541,4,25 mg,smoked,Salvia divinorum
6396,0,1 bowl,smoked,Salvia divinorum
6396,1,1 bowl,smoked,Salvia divinorum
1133,0,0.25 bowls,smoked,Salvia divinorum
4931,0,2 hits,smoked,Salvia divinorum
959,0,1.5 leaves,smoked,Salvia divinorum
991,0,,smoked,Salvia divinorum
940,0,,smoked,Salvia divinorum
3829,0,,smoked,Salvia divinorum
3829,1,,smoked,Salvia divinorum
3829,2,,smoked,Salvia divinorum
3855,0,1 hit,smoked,Salvia divinorum
1500,0,1.0 g,smoked,Salvia divinorum
3419,0,2 hits,smoked,Salvia divinorum
695,0,1 bowl,smoked,Salvia divinorum
1338,0,25 mg,smoked,Salvia divinorum
498,0,,smoked,Salvia divinorum
497,0,80 mg,smoked,Salvia divinorum
448,0,,smoked,Salvia divinorum
436,0,2 hits,smoked,Salvia divinorum
2166,0,,,Salvia divinorum
2162,0,0.2 g,smoked,Salvia divinorum
2160,0,3 hits,smoked,Salvia divinorum
2159,0,leaves,smoked,Salvia divinorum
2158,0,,smoked,Salvia divinorum
2148,0,75 mg,oral,Moclobemide
2148,1,,,Salvia divinorum
2146,0,2 hits,smoked,Salvia divinorum
2145,0,,smoked,Salvia divinorum
2145,1,,oral,Salvia divinorum
2143,0,,smoked,Salvia divinorum
2141,0,,smoked,Salvia divinorum
2140,0,,smoked,Salvia divinorum
1907,0,180 mg,oral,DXM
1907,1,3 hits,smoked,Salvia divinorum
13,0,2 hits,smoked,Salvia divinorum
115119,0,1 hit,smoked,Salvia divinorum
36244,0,2 hits,smoked,Salvia divinorum
12436,0,2 bowls,smoked,Salvia divinorum
12436,1,more bowls,smoked,Salvia divinorum
12448,0,0.5 g,smoked,Salvia divinorum
88978,0,,smoked,Salvia divinorum
19646,0,.25 bowls,smoked,Salvia divinorum
49046,0,1 bowl,smoked,Salvia divinorum
115742,0,20 mg,oral,Noopept
115742,1,0.5 bowls,smoked,Salvia divinorum
47406,0,1 bowl,smoked,Salvia divinorum
47767,0,3 bowls,smoked,Salvia divinorum
50665,0,1 bump,smoked,Salvia divinorum
29169,0,1 hit,smoked,Salvia divinorum
105661,0,3 hits,smoked,Salvia divinorum
13135,0,3 bowls,smoked,Salvia divinorum
93159,0,1 bowl,smoked,Salvia divinorum
12674,0,2 hits,smoked,Salvia divinorum
112897,0,repeated,smoked,Salvia divinorum
12093,0,2 hits,smoked,Salvia divinorum
12082,0,1 bowl,smoked,Cannabis
12082,1,1 bowl,smoked,Salvia divinorum
11758,0,3 hits,smoked,Salvia divinorum
11688,0,2 hits,oral,Salvia divinorum
10137,0,350 mg,oral,DXM
10137,1,2 hits,smoked,Salvia divinorum
27562,0,5 glasses,oral,Alcohol - Beer/Wine
27562,1,2 hits,smoked,Salvia divinorum
62617,0,2 hits,smoked,Salvia divinorum
39663,0,1 hit,smoked,Salvia divinorum
114827,0,,smoked,Salvia divinorum
51114,0,1 hit,smoked,Salvia divinorum
50943,0,1.5 hits,smoked,Salvia divinorum
52387,0,3 hits,smoked,Salvia divinorum
106511,0,100 mg,smoked,Salvia divinorum
106511,1,repeated,smoked,Tobacco - Cigarettes
92514,0,4 hits,smoked,Salvia divinorum
111457,0,1 hit,smoked,Salvia divinorum
111484,0,2 hits,smoked,Salvia divinorum
111485,0,1 bowl,smoked,Salvia divinorum
111485,1,0.5 bowls,smoked,Salvia divinorum
72911,0,1 hit,smoked,Salvia divinorum
55042,0,,smoked,Salvia divinorum
113872,0,,smoked,Salvia divinorum
82655,0,4 hits,smoked,Salvia divinorum
19579,0,1/16 g,smoked,Salvia divinorum
109528,0,60 mg,,Salvia divinorum
85955,0,1 bowl,smoked,Salvia divinorum
99190,0,100 mg,smoked,Salvia divinorum
86607,0,,,Salvia divinorum
73837,0,,smoked,Salvia divinorum
99716,0,2 hits,smoked,Salvia divinorum
48820,0,1 hit,smoked,Salvia divinorum
13940,0,,smoked,Salvia divinorum
12733,0,repeated,smoked,Cannabis
12733,1,3 hits,smoked,Salvia divinorum
112866,0,50 mg,smoked,Salvia divinorum
70129,0,1 hit,smoked,Salvia divinorum
70129,1,1 line,insufflated,Cocaine
72225,0,1 bowl,smoked,Salvia divinorum
101593,0,,,Salvia divinorum
51029,0,1 bowl,smoked,Salvia divinorum
72969,0,1 bowl,smoked,Salvia divinorum
11131,0,1 tablet,oral,MDMA
11131,1,1 hit,smoked,Salvia divinorum
11131,2,1 hit,smoked,Salvia divinorum
11131,3,1 hit,smoked,Salvia divinorum
11469,0,1.5 hits,smoked,Salvia divinorum
11469,1,1 cig.,smoked,Tobacco - Cigarettes
51364,0,2 bowls,smoked,Salvia divinorum
88924,0,,smoked,DMT
88924,1,50 mg,smoked,Salvia divinorum
88924,2,40 mg,smoked,Salvia divinorum
87395,0,4.7 g,buccal,Salvia divinorum
87395,1,2.36 g,buccal,Salvia divinorum
87395,2,,vaporized,Salvia divinorum
105284,0,1 hit,smoked,Salvia divinorum
103832,0,90 mg,smoked,Salvia divinorum
48797,0,1 hit,smoked,Salvia divinorum
48797,1,,oral,Unknown
57420,0,20 mg,oral,2C-I
57420,1,,oral,Alcohol - Beer/Wine
57420,2,2 bowls,smoked,Cannabis
57420,3,,smoked,Salvia divinorum
94987,0,4 hits,smoked,Salvia divinorum
51544,0,,smoked,Salvia divinorum
64032,0,1 cig.,smoked,Cannabis
64032,1,2 caps,oral,GHB
64032,2,,smoked,Salvia divinorum
41245,0,,oral,Alcohol - Hard
41245,1,,,Vitamins / Supplements
41245,2,0.5 g,smoked,Salvia divinorum
90345,0,1 bowl,smoked,Salvia divinorum
90345,1,1.1 g,buccal,Salvia divinorum
90345,2,300-400 mg,smoked,Salvia divinorum
12283,0,.125 g,smoked,Salvia divinorum
66831,0,3 hits,smoked,Salvia divinorum
78573,0,,smoked,Salvia divinorum
78573,1,1 cig.,smoked,Tobacco - Cigarettes
45822,0,1 bowl,smoked,Salvia divinorum
63977,0,1 hit,smoked,Salvia divinorum
71096,0,1 hit,smoked,Salvia divinorum
63104,0,3 hits,smoked,Salvia divinorum
112142,0,1 hit,smoked,Salvia divinorum
25069,0,50 mg,smoked,Salvia divinorum
63336,0,,smoked,Amanitas - A. muscaria
63336,1,,smoked,Salvia divinorum
56345,0,2 hits,smoked,Salvia divinorum
67046,0,1 hit,smoked,Salvia divinorum
67046,1,1 hit,smoked,Salvia divinorum
51323,0,repeated,smoked,Salvia divinorum
10808,0,,smoked,Cannabis
10808,1,4.5 hits,smoked,Salvia divinorum
17149,0,4 hits,smoked,Salvia divinorum
111277,0,8 seeds,sublingual,H.B. Woodrose
111277,1,1 bowl,smoked,Cannabis
111277,2,1 bowl,smoked,Desfontainia spinosa
111277,3,1 bowl,smoked,Mugwort
111277,4,1 bowl,smoked,Wormwood
111277,5,1 bowl,smoked,Calea zacatechichi
111277,6,,smoked,Salvia divinorum
90588,0,1 bowl,smoked,Salvia divinorum
71984,0,2 hits,smoked,Cannabis
71984,1,1 hit,smoked,Salvia divinorum
22470,0,,oral,Mushrooms
22470,1,,smoked,Salvia divinorum
28109,0,3.5 g,oral,Mushrooms
28109,1,1 hit,smoked,Salvia divinorum
25201,0,1 bowl,smoked,Cannabis
25201,1,3 hits,smoked,Salvia divinorum
25201,2,2 hits,smoked,Salvia divinorum
81378,0,1 bowl,smoked,Salvia divinorum
18074,0,.25 g,smoked,Salvia divinorum
18074,1,7 g,smoked,Salvia divinorum
18074,2,,smoked,Cannabis
51718,0,1 hit,smoked,Salvia divinorum
51718,1,1 hit,smoked,Salvia divinorum
63926,0,1 hit,smoked,Salvia divinorum
63926,1,1 hit,smoked,Salvia divinorum
11968,0,2 hits,smoked,Salvia divinorum
27490,0,,smoked,Cannabis
27490,1,,ocular,Alcohol
27490,2,1 bowl,smoked,Salvia divinorum
63429,0,10 mg,smoked,Salvia divinorum
23034,0,1 tablet,oral,LSD
23034,1,2 hits,smoked,Salvia divinorum
47101,0,.5 g,smoked,Salvia divinorum
91605,0,300 mg,smoked,Salvia divinorum
14354,0,2 hits,smoked,Salvia divinorum
14354,1,250 mg,smoked,Salvia divinorum
66750,0,2 drops,smoked,Salvia divinorum
16195,0,4 leaves,smoked,Salvia divinorum
11178,0,2 hits,smoked,Salvia divinorum
11178,1,1 hit,smoked,Salvia divinorum
105327,0,1 hit,smoked,Salvia divinorum
49229,0,,,Salvia divinorum
25711,0,1 hit,smoked,Salvia divinorum
25711,1,1 cig.,smoked,Tobacco - Cigarettes
85103,0,1 bowl,smoked,Cannabis
85103,1,1 hit,smoked,Salvia divinorum
85103,2,1 hit,smoked,Salvia divinorum
85103,3,2 hits,smoked,Salvia divinorum
110273,0,1 bowl,smoked,Salvia divinorum
85449,0,200 mg,smoked,Salvia divinorum
107300,0,,smoked,Salvia divinorum
107300,1,,smoked,Cannabis
86971,0,,smoked,Salvia divinorum
100055,0,4 g,smoked,Salvia divinorum
69460,0,,,Cannabis
69460,1,,smoked,Salvia divinorum
82761,0,200 mg,smoked,Salvia divinorum
70644,0,1 cig.,smoked,Salvia splendens
50886,0,3 hits,smoked,Salvia divinorum
73325,0,5 flowers,smoked,Salvia splendens
12270,0,80 mg,smoked,Salvia divinorum
45517,0,1 hit,smoked,Salvia divinorum
61729,0,,sublingual,Salvia divinorum
24917,0,3.5 g,oral,Mushrooms
24917,1,repeated,smoked,Cannabis
24917,2,1 hit,smoked,Salvia divinorum
41905,0,1.0 g,insufflated,Anadenanthera colubrina
41905,1,17 seeds,,H.B. Woodrose
41905,2,0.3 g,smoked,Salvia divinorum
41905,3,2.0 mg,oral,Pharms - Alprazolam
41905,4,,smoked,Cannabis
57085,0,2 bowls,smoked,Salvia divinorum
30552,0,2 joints/cigs,smoked,Salvia divinorum
51567,0,0.5 bowls,smoked,Salvia divinorum
53511,0,7 leaves,smoked,Salvia splendens
10756,0,,smoked,Salvia divinorum
10314,0,3 hits,smoked,Salvia divinorum
23258,0,repeated,smoked,Salvia divinorum
10208,0,1 bowl,smoked,Salvia divinorum
8332,0,3,sublingual,Salvia divinorum
17512,0,200 mg,smoked,Salvia divinorum
17512,1,,smoked,Cannabis
17086,0,1 hit,smoked,Salvia divinorum
8847,0,1.0 g,smoked,Salvia divinorum
8960,0,,smoked,Salvia divinorum
31885,0,400 mg,smoked,Salvia divinorum
30409,0,1 hit,smoked,Salvia divinorum
25153,0,,smoked,Salvia divinorum
7740,0,1 bowl,smoked,Salvia divinorum
24447,0,2 hits,smoked,Salvia divinorum
22187,0,,,Cannabis
22187,1,,,Salvia divinorum
21221,0,5 hits,smoked,Salvia divinorum
18256,0,,smoked,Salvia divinorum
18261,0,6 bowls,smoked,Salvia divinorum
12217,0,,sublingual,Salvia divinorum
6814,0,3 leaves,smoked,Salvia divinorum
6471,0,7 hits,smoked,Salvia divinorum
5628,0,5 hits,smoked,Salvia divinorum
5980,0,0.66 bowls,smoked,Salvia divinorum
5279,0,2 hits,smoked,Salvia divinorum
4634,0,11 seeds,oral,H.B. Woodrose
3524,0,2 hits,smoked,Salvia divinorum
3110,0,6 bowls,smoked,Salvia divinorum
4454,0,,smoked,Cannabis
4454,1,,,Salvia divinorum
2749,0,1 bowl,smoked,Salvia divinorum
2749,1,1 bowl,smoked,Cannabis
9903,0,2 hits,smoked,Salvia divinorum
117556,0,repeated,smoked,Cannabis
117556,1,repeated,smoked,Salvia divinorum
114393,0,repeated,smoked,Cannabis
114393,1,,smoked,Salvia divinorum
33898,0,.5 g,smoked,Salvia apiana
34035,0,1 hit,smoked,Salvia divinorum
115457,0,20 mg,smoked,Salvia divinorum
41547,0,1 hit,smoked,Salvia divinorum
41547,1,1 hit,smoked,Salvia divinorum
72570,0,,smoked,Salvia divinorum
72570,1,1 cig.,smoked,Tobacco - Cigarettes
12277,0,2 hits,smoked,Salvia divinorum
35662,0,,smoked,Salvia divinorum
73758,0,,smoked,Salvia divinorum
73874,0,2 hits,smoked,Salvia divinorum
105203,0,,smoked,Cannabis
105203,1,2 hits,smoked,Salvia divinorum
111486,0,1 bowl,smoked,Salvia divinorum
105303,0,1 bowl,smoked,Salvia divinorum
113898,0,0.5 bowls,smoked,Salvia divinorum
109428,0,1 hit,smoked,Salvia divinorum
94899,0,1 hit,smoked,Salvia divinorum
43661,0,6 hits,smoked,Cannabis
43661,1,1 hit,smoked,Salvia divinorum
17053,0,3 g,smoked,Salvia divinorum
65687,0,1 hit,smoked,Salvia divinorum
73920,0,,smoked,Salvia divinorum
84186,0,1 bowl,smoked,Salvia divinorum
93756,0,,smoked,Salvia divinorum
93756,1,,inhaled,Nitrous Oxide
91247,0,,,Salvia divinorum
11150,0,62 mg,smoked,Salvia divinorum
11150,1,125 mg,smoked,Salvia divinorum
11230,0,7 -- 8 hits,smoked,Salvia divinorum
106801,0,,smoked,Salvia divinorum
11040,0,150 mg,smoked,Salvia divinorum
11040,1,50 mg,smoked,Salvia divinorum
10955,0,,smoked,Cannabis
10955,1,,smoked,Salvia divinorum
107977,0,1 hit,smoked,Salvia divinorum
10741,0,.5 g,smoked,Salvia divinorum
88386,0,,smoked,Salvia divinorum
24021,0,2 hits,smoked,Salvia divinorum
98304,0,1 hit,smoked,Salvia divinorum
16847,0,4 hits,smoked,Salvia divinorum
95662,0,,smoked,Salvia divinorum
46616,0,repeated,smoked,Salvia divinorum
57251,0,1 hit,smoked,Salvia divinorum
108670,0,1 hit,smoked,Salvia divinorum
68529,0,2 shots,oral,Alcohol - Hard
68529,1,3 glasses,oral,Alcohol - Beer/Wine
68529,2,,smoked,Cannabis
68529,3,1 hit,smoked,Salvia divinorum
73622,0,,smoked,Salvia divinorum
58753,0,1 hit,smoked,Salvia divinorum
110075,0,1 hit,smoked,Salvia divinorum
112260,0,,smoked,Salvia divinorum
25642,0,,smoked,Salvia divinorum
25642,1,,smoked,Cannabis
82788,0,3 hits,smoked,Salvia divinorum
90254,0,,smoked,Salvia divinorum
52934,0,,smoked,Salvia divinorum
17896,0,1 bowl,smoked,Salvia divinorum
44322,0,,smoked,Salvia divinorum
72319,0,repeated,oral,Alcohol
72319,1,,smoked,Salvia divinorum
53012,0,1 hit,smoked,Salvia divinorum
66253,0,18 in,oral,Cacti - columnar
66253,1,repeated,smoked,Cannabis
66253,2,2 hits,smoked,Salvia divinorum
67317,0,repeated,smoked,Cannabis
67317,1,4 tablets,oral,Pharmaceuticals
67317,2,repeated,smoked,Salvia divinorum
22181,0,1.5 bowls,smoked,Salvia divinorum
22181,1,1.5 bowls,smoked,Cannabis
10938,0,1 bowl,smoked,Salvia divinorum
111326,0,repeated,smoked,Salvia divinorum
74250,0,.125 g,smoked,Salvia divinorum
40921,0,2 hits,smoked,Cannabis
40921,1,1 hit,smoked,Salvia divinorum
67224,0,1 hit,smoked,Salvia divinorum
71656,0,1 hit,smoked,Salvia divinorum
55739,0,1 hit,smoked,Salvia divinorum
87246,0,,smoked,Salvia divinorum
70220,0,1 hit,smoked,Salvia divinorum
40043,0,150 mg,smoked,Salvia divinorum
55769,0,1 hit,smoked,Salvia divinorum
72469,0,2 hits,smoked,Salvia divinorum
47076,0,2 hits,smoked,Salvia divinorum
54242,0,,smoked,Cannabis
54242,1,1 hit,smoked,Salvia divinorum
17729,0,10 hits,smoked,Salvia divinorum
91214,0,1 bowl,smoked,Salvia divinorum
79571,0,.15 g,smoked,Salvia divinorum
81528,0,,smoked,Cannabis
81528,1,2 hits,smoked,Salvia divinorum
95748,0,.1 g,smoked,Cannabis
95748,1,,smoked,Salvia divinorum
64092,0,1 hit,smoked,Salvia divinorum
61259,0,1.5 bowls,smoked,Salvia divinorum
95052,0,.2 g,smoked,Salvia divinorum
58038,0,1 hit,smoked,Salvia divinorum
54798,0,3 hits,smoked,Salvia divinorum
73068,0,1 cig.,smoked,Salvia divinorum
73068,1,,smoked,Salvia divinorum
101094,0,,smoked,Salvia divinorum
86837,0,.125 g,smoked,Salvia divinorum
55950,0,2 hits,smoked,Salvia divinorum
55950,1,2 hits,smoked,Salvia divinorum
49532,0,1 bowl,smoked,Salvia divinorum
87356,0,1 hit,smoked,Salvia divinorum
87356,1,1 bowl,smoked,Cannabis
61981,0,.25 bowls,smoked,Salvia divinorum
61981,1,1 bowl,smoked,Salvia divinorum
64191,0,1 bowl,smoked,Salvia divinorum
107978,0,,smoked,Salvia divinorum
38481,0,1 hit,smoked,Salvia divinorum
77290,0,1 g,smoked,Salvia divinorum
61475,0,3 hits,smoked,Salvia divinorum
82517,0,2 hits,smoked,Salvia divinorum
46932,0,,smoked,Salvia divinorum
46551,0,6 hits,smoked,Salvia divinorum
65716,0,.25 g,smoked,Salvia divinorum
67889,0,2 hits,smoked,Salvia divinorum
76942,0,.5 g,smoked,Salvia divinorum
53859,0,,smoked,Salvia divinorum
34345,0,1 bowl,smoked,Salvia divinorum
56964,0,1 hit,smoked,Salvia divinorum
45056,0,1 hit,smoked,Salvia divinorum
45056,1,1 hit,smoked,Cannabis
36483,0,1 hit,smoked,Salvia divinorum
36483,1,1 hit,smoked,Salvia divinorum
36483,2,1 hit,smoked,Salvia divinorum
55916,0,1 hit,smoked,Salvia divinorum
55916,1,1 hit,smoked,Salvia divinorum
36313,0,1 bowl,smoked,Salvia divinorum
46692,0,1 g,smoked,Salvia divinorum
99393,0,3 hits,smoked,Salvia divinorum
70995,0,1.0 g,smoked,Salvia divinorum
67078,0,0.5 g,oral,Salvia divinorum
46430,0,0.2 g,smoked,Salvia divinorum
52731,0,1 bowl,smoked,Salvia divinorum
56474,0,3 hits,smoked,Salvia divinorum
19756,0,0.15 g,smoked,Salvia divinorum
9539,0,0.75 g,smoked,Salvia divinorum
27627,0,2 hits,smoked,Salvia divinorum
27391,0,1 hit,smoked,Salvia divinorum
7498,0,5 hits,smoked,Salvia divinorum
9144,0,1.5 g,smoked,Salvia divinorum
9144,1,400 ml,oral,Absinthe
9144,2,6 seeds,oral,H.B. Woodrose
9144,3,3.0 g,smoked,Cannabis - Hash
6948,0,1 hit,smoked,Salvia divinorum
13697,0,,,Salvia divinorum
6022,0,,,Salvia divinorum
5108,0,3 hits,smoked,Salvia divinorum
5108,1,2 hits,oral,LSD
9769,0,,smoked,Salvia divinorum
4748,0,1.0 g,smoked,Salvia divinorum
4744,0,3 bowls,smoked,Salvia divinorum
3934,0,4 hits,smoked,Salvia divinorum
880,0,0.75 hits,oral,LSD
880,1,6 hits,smoked,Salvia divinorum
898,0,3 hits,smoked,Salvia divinorum
